ID,Author,central number,cumulative # of papers,cumulative  of co-authors,cumulative # of journals,min year of publication,max year of publication,cluster size
37551,Paul Green,4.198198,20,12,3,1965,1976,112
42866,Frank Ronald,3.792792,14,12,1,1964,1972,112
38226,John Farley,5.099099,13,9,5,1968,1976,112
38635,Arch Woodside,5.387387,13,10,7,1974,1976,112
39839,Yoram Wind,3.972972,13,10,6,1969,1976,112
39213,James Hulbert,4.576576,10,6,6,1971,1976,112
45447,William Massy,4.306306,10,5,1,1964,1970,112
39200,Donald Lehmann,4.405405,9,6,3,1972,1976,112
43273,John Howard,5.423423,8,6,6,1971,1976,112
43254,Ambar Rao,7.243243,6,6,2,1972,1975,112
43097,Donald Morrison,4.108108,6,5,1,1965,1976,112
41133,Noel Capon,4.927927,6,3,4,1972,1976,112
40833,Harper Boyd,4.522522,6,6,1,1964,1971,112
38677,Vithala Rao,5.153153,6,3,2,1969,1976,112
55896,Patrick Robinson,5.153153,5,4,2,1965,1968,112
45997,Winston Ring,6.072072,5,2,1,1970,1976,112
41041,George Day,5.747747,5,5,2,1971,1976,112
42865,Arun Jain,4.819819,5,4,2,1972,1976,112
44589,James Bettman,5.126126,4,3,3,1972,1975,112
41545,David Aaker,6.873873,4,4,3,1969,1975,112
40593,Gary Lilien,6.342342,4,3,3,1975,1976,112
45319,Alvin Silk,5.513513,4,4,3,1971,1976,112
56133,Halbert Michael,5.171171,3,2,1,1965,1966,112
44603,William Brandt,5.369369,3,2,2,1974,1976,112
45031,John Little,7.297297,3,3,2,1976,1976,112
44776,Lee Cooper,4.603603,3,4,1,1972,1974,112
45861,Roger Heeler,5.468468,3,4,1,1971,1973,112
46070,Neil Beckwith,5.396396,3,1,1,1973,1976,112
38011,Lucas Henry,8.774774,3,3,2,1972,1975,112
40716,Taylor Sims,6.36036,3,2,2,1974,1976,112
42581,Michael Ray,5.126126,3,3,1,1971,1972,112
41270,Charles Weinberg,7.81081,3,3,2,1975,1975,112
41216,Frederick Webster,4.324324,3,3,3,1972,1972,112
41623,David Montgomery,4.756756,3,4,1,1970,1972,112
44588,Masao Nakanishi,4.9009,3,3,2,1967,1974,112
44515,David Reid,6.378378,2,1,2,1975,1976,112
44593,Terrence O'brien,5.378378,2,2,2,1974,1976,112
43282,James Clokey,4.576576,2,3,2,1971,1974,112
41560,Morgan Jones,5.99099,2,2,2,1971,1972,112
42576,Wayne Delozier,6.378378,2,1,2,1976,1976,112
39035,John O'shaughnessy,5.396396,2,1,1,1974,1975,112
46182,Charles Strain,4.765765,2,2,1,1970,1972,112
46113,William Davenport,6.378378,2,1,2,1974,1976,112
46000,Christian Pinson,5.81081,2,1,1,1976,1976,112
44624,Frank Carmone,5.189189,2,1,2,1969,1976,112
44613,Kathryn Villani,4.45045,2,2,2,1975,1976,112
44677,Glen Urban,5.729729,2,2,1,1970,1971,112
44605,Harry Davis,6.486486,2,2,2,1972,1974,112
44586,Michael Devita,5.189189,2,1,1,1974,1975,112
50211,Otto Davis,6.072072,2,2,1,1971,1972,112
56186,Henderson Steuart,5.495495,2,2,2,1965,1974,112
56004,Westfall Ralph,5.513513,2,1,1,1965,1970,112
56027,Henry Claycamp,5.279279,2,2,1,1968,1969,112
66586,Douglas Susan,4.414414,2,3,2,1967,1973,112
65240,Mac James,5.531531,1,2,1,1975,1975,112
56409,Lillen Gary,8.288288,1,1,1,1976,1976,112
56288,Andress Ruth,6.378378,1,1,1,1975,1975,112
56235,Karash Richard,6.72072,1,1,1,1971,1971,112
56247,Miller Bill,5.756756,1,1,1,1970,1970,112
56270,Tapia Humberto,6.369369,1,1,1,1976,1976,112
56221,Becknell James,4.675675,1,2,1,1971,1971,112
56338,Diane Janice,6.486486,1,1,1,1974,1974,112
56275,Clapper James,6.369369,1,2,1,1976,1976,112
54458,Harold Leavitt,6.09009,1,1,1,1968,1968,112
55897,Bent Stidsen,6.144144,1,1,1,1968,1968,112
55931,Warren George,6.414414,1,1,1,1976,1976,112
55798,Rodney Plimpton,9.765765,1,1,1,1972,1972,112
56028,Liddy Lucien,6.27027,1,1,1,1969,1969,112
56030,Saigal Romesh,7.864864,1,1,1,1969,1969,112
56001,Gluck Donald,5.099099,1,1,1,1970,1970,112
56014,Maheshwari Arun,5.189189,1,1,1,1970,1970,112
56057,Hammack Terry,7.351351,1,1,1,1976,1976,112
56072,Clowes Kenneth,8.783783,1,2,1,1975,1975,112
56093,Gross Irwin,5.171171,1,2,1,1967,1967,112
56096,Polli Rolando,4.774774,1,2,1,1967,1967,112
56195,Geiger Frank,6.504504,1,1,1,1972,1972,112
56199,Zoheir Mostafa,4.639639,1,3,1,1964,1964,112
56113,Nakanishi Mosao,5.594594,1,1,1,1974,1974,112
56120,Denny Joseph,4.963963,1,1,1,1974,1974,112
56121,William Devenport,6.378378,1,1,1,1974,1974,112
56124,Sieber Harry,4.648648,1,2,1,1967,1967,112
50212,H Rueter,7.063063,1,1,1,1972,1972,112
50254,Gary Lilian,8.234234,1,1,1,1972,1972,112
50622,Robert Pratt,6.738738,1,1,1,1971,1971,112
49634,Yoram Kingberg,8.234234,1,1,1,1975,1975,112
48059,Yoram Kinberg,8.234234,1,1,1,1974,1974,112
48654,Melvin Shakun,8.234234,1,1,1,1974,1974,112
48782,John Mcclain,6.144144,1,1,1,1975,1975,112
45406,David Weinstein,6.09009,1,1,1,1975,1975,112
45577,J Claycamp,4.963963,1,1,1,1976,1976,112
45678,Harold Kassarjian,5.891891,1,1,1,1967,1967,112
46008,Arnold Barnett,8.288288,1,1,1,1976,1976,112
46167,William Dunkelbeng,6.738738,1,1,1,1973,1973,112
46168,Neil Beckworth,5.396396,1,1,1,1973,1973,112
46175,K Jain,4.855855,1,2,1,1973,1973,112
46177,J Kearney,6.45045,1,2,1,1973,1973,112
46178,J Mehaffey,6.45045,1,2,1,1973,1973,112
38634,William Bearden,6.369369,1,2,1,1976,1976,112
38227,Charles Tapiero,6.09009,1,1,1,1975,1975,112
40809,Harsharanjeet Jagpal,6.414414,1,1,1,1975,1975,112
40189,Rigaux Benny,7.477477,1,1,1,1974,1974,112
40401,Terry Deutscher,6.738738,1,1,1,1976,1976,112
42414,Michael Etgar,5.81081,1,1,1,1976,1976,112
41542,Peter Farquhar,6.144144,1,1,1,1976,1976,112
42076,Tinkham Spencer,6.414414,1,1,1,1971,1971,112
43317,Stephen Silver,4.963963,1,1,1,1973,1973,112
43393,Philip Harvey,6.09009,1,1,1,1972,1972,112
43402,Phillip Brown,7.864864,1,1,1,1972,1972,112
43255,Peter Miller,8.234234,1,1,1,1975,1975,112
43245,Gerald Waddle,6.378378,1,1,1,1975,1975,112
44040,Alan Sawyer,6.117117,1,1,1,1971,1971,112
43897,Kanti Prasad,7.063063,1,1,1,1976,1976,112
42591,Jacob Jacoby,6.958333,9,9,4,1971,1976,73
41367,Frank Bass,5.208333,9,7,3,1967,1976,73
56005,Bruce Grady,8.777777,5,3,1,1970,1972,73
45417,Robert Buzzell,6.902777,5,5,2,1965,1975,73
45468,M Venkatesan,6.194444,5,4,1,1968,1976,73
41045,Ronald Tatham,8.444444,5,4,4,1973,1976,73
43158,Ronald Bush,9.291666,5,4,3,1974,1976,73
42793,Albert Bruno,7.180555,5,4,4,1974,1976,73
44434,Edgar Pessemier,5.458333,5,5,2,1967,1973,73
43152,Darral Clarke,6.027777,4,3,2,1972,1976,73
41182,Ronald Dornoff,7.708333,4,5,3,1972,1975,73
42455,George Szybillo,7.708333,4,4,3,1973,1976,73
42748,Wells William,11.222222,4,3,1,1965,1967,73
44674,William Wilkie,5.888888,4,4,2,1973,1975,73
56006,Witt Robert,9.763888,3,1,1,1970,1972,73
56068,Lonsdale Ronald,5.708333,3,3,1,1966,1968,73
56098,Lo Leonard,10.291666,3,2,1,1966,1967,73
46151,Richard Heslin,8.527777,3,3,1,1970,1973,73
38306,Albert Wildt,8.138888,3,2,2,1968,1975,73
40522,Thomas Hustad,6.305555,3,2,2,1973,1975,73
39027,Jagdish Sheth,5.819444,3,3,2,1968,1973,73
41258,Dick Wittink,6.166666,3,2,1,1975,1976,73
43668,Douglas Tigert,5.277777,3,5,2,1967,1973,73
44443,Wayne Talarzyk,5.5,2,2,1,1972,1972,73
41181,Guy Banville,8.666666,2,2,2,1973,1974,73
42583,Paul Solomon,10.222222,2,2,2,1975,1976,73
42600,Jerome Kernan,7.847222,2,3,1,1972,1972,73
39520,David Gardner,6.402777,2,3,1,1974,1976,73
40337,Philip Burger,5.833333,2,3,1,1967,1972,73
40718,Patrick Kelly,11.180555,2,2,2,1975,1976,73
38795,Dennis Sweeney,9.402777,2,2,2,1976,1976,73
46007,William Cummings,7.180555,2,1,1,1976,1976,73
45632,Robert Hisrich,7.138888,2,3,2,1972,1974,73
45633,Michael Peters,6.652777,2,2,2,1973,1974,73
44598,Carol Berning,7.819444,2,2,1,1974,1976,73
44600,Donald Speller,7.944444,2,1,2,1974,1974,73
56110,Perloff Robert,9.388888,2,3,1,1967,1970,73
71617,Frank Bass,6.875,1,1,1,1973,1973,73
56248,Blake Brian,9.444444,1,2,1,1970,1970,73
56209,Matell Michael,7.944444,1,1,1,1971,1971,73
54306,Sidney Schoeffler,7.888888,1,1,1,1974,1974,73
53509,Bradley Gale,7.888888,1,1,1,1975,1975,73
55778,Terry Bibbens,8.166666,1,1,1,1974,1974,73
56073,Haaland Gordon,7.180555,1,1,1,1968,1968,73
56080,Schooler Robert,9.125,1,1,1,1968,1968,73
56183,Schott Barbara,6.819444,1,1,1,1972,1972,73
56148,Kyner David,7.944444,1,1,1,1973,1973,73
56171,Kolin Marshall,7.875,1,2,1,1965,1965,73
56172,Murphy Malcolm,7.875,1,2,1,1965,1965,73
56178,Chinsky Jack,12.208333,1,1,1,1965,1965,73
56130,Gubar George,12.208333,1,1,1,1966,1966,73
56139,Vass Frank,6.694444,1,1,1,1966,1966,73
47403,Milan Smiljanic,6.805555,1,1,1,1973,1973,73
45350,Abel Jeuland,6.194444,1,1,1,1976,1976,73
45585,Constance Small,7.944444,1,1,1,1975,1975,73
45466,Benton Cocanougher,9.763888,1,1,1,1971,1971,73
45646,Robert Gwinner,10.277777,1,1,1,1974,1974,73
45675,Paul Root,6.444444,1,1,1,1973,1973,73
38722,Paul Farris,6.875,1,1,1,1975,1975,73
38627,Norval Pohl,8.166666,1,1,1,1976,1976,73
37553,Prakash Abad,10.388888,1,1,1,1976,1976,73
40848,James Ginter,6.194444,1,1,1,1972,1972,73
40710,Joseph Hair,10.277777,1,1,1,1976,1976,73
41046,James Coaker,12.166666,1,1,1,1976,1976,73
41044,Bruce Allen,9.430555,1,1,1,1976,1976,73
42960,Clint Tankersley,8.694444,1,1,1,1975,1975,73
42577,Ronald Hartenbaum,8.694444,1,1,1,1976,1976,73
42833,Ivan Preston,7.166666,1,2,1,1976,1976,73
41881,Arnold Stephen,6.263888,1,1,1,1973,1973,73
41882,Steven Wheelwright,7.013888,1,1,1,1976,1976,73
42394,Barbara Pletcher,9.652777,1,1,1,1974,1974,73
43344,Stephen Hollander,7.944444,1,1,1,1973,1973,73
44571,Randall Schultz,7.152777,1,1,1,1976,1976,73
39738,Robert Green,4.185185,10,7,5,1972,1976,55
41089,Robert Peterson,3.129629,10,10,5,1969,1976,55
41476,Wilton Anderson,3.092592,8,6,5,1972,1976,55
43415,William Cunningham,3.481481,8,7,6,1972,1976,55
40375,John Swan,3.851851,7,6,3,1974,1976,55
39740,Isabella Cunningham,4.314814,5,2,4,1973,1976,55
42781,Kelly Shuptrine,4.74074,5,5,4,1974,1976,55
43302,Paul Hamelman,4.703703,4,3,4,1972,1976,55
42103,Mark Alpert,3.074074,4,3,3,1972,1975,55
45793,Eli Cox,3.87037,4,3,3,1974,1976,55
45690,Edward Mazze,5.611111,4,3,2,1972,1974,55
44614,Peter Bennett,5.092592,4,3,2,1969,1975,55
56207,Pruden Henry,3.888888,3,4,2,1971,1976,55
45590,Eric Langeard,5.148148,3,2,2,1974,1975,55
41074,William Crissy,4.388888,3,3,3,1967,1976,55
40007,Chatrathi Rao,4.759259,3,3,3,1974,1975,55
43354,James Cagley,4.037037,2,2,1,1971,1973,55
43360,Richard Cardozo,4.981481,2,2,2,1971,1973,55
40636,Gilbert Harrell,6.074074,2,1,2,1974,1975,55
40722,Charles Futrell,4.814814,2,2,1,1976,1976,55
37445,Vijay Mahajan,4.074074,2,2,2,1976,1976,55
45488,Phillip White,5.166666,2,1,1,1975,1976,55
46023,Richard Nordstrom,4.833333,2,1,1,1976,1976,55
46048,G Samuelson,5.722222,2,1,1,1976,1976,55
45645,Russell Moore,4.425925,2,2,2,1971,1974,55
63413,Hillman Richard,5.407407,1,1,1,1971,1971,55
73725,Wm Rudelius,4.092592,1,2,1,1972,1972,55
73726,L Wood,4.092592,1,2,1,1972,1972,55
56269,Fitzsimmons James,5.055555,1,1,1,1976,1976,55
56317,Longman Douglas,4.796296,1,2,1,1974,1974,55
54985,Christopher Korth,5.166666,1,1,1,1974,1974,55
55902,Jr Cox,5.37037,1,1,1,1967,1967,55
56029,Mandell Robert,6.074074,1,1,1,1969,1969,55
56044,Pennington Allan,4.111111,1,1,1,1969,1969,55
56162,Sharpe Louis,4.074074,1,1,1,1972,1972,55
56112,Favell Alice,5.148148,1,2,1,1974,1974,55
56102,Hamelaman Paul,6.592592,1,1,1,1974,1974,55
56104,Fulcher David,3.962962,1,2,1,1974,1974,55
44788,Jean Leonardi,4.87037,1,1,1,1976,1976,55
45555,Linda Combs,4.833333,1,1,1,1976,1976,55
45493,John Todd,4.814814,1,2,1,1976,1976,55
45656,Jr Jensen,6.592592,1,1,1,1973,1973,55
45682,D Pruden,4.444444,1,2,1,1972,1972,55
45684,D English,4.444444,1,2,1,1972,1972,55
45603,Frank Osmanski,5.722222,1,1,1,1975,1975,55
45640,Jon Bidd,4.055555,1,1,1,1974,1974,55
46694,Robert Foster,5.722222,1,1,1,1976,1976,55
41073,Gary Girkscheit,5.37037,1,1,1,1976,1976,55
41158,E Kiser,5.74074,1,1,1,1975,1975,55
40366,Donald Weinrauch,5.74074,1,1,1,1974,1974,55
42942,Ivan Ross,4.111111,1,1,1,1972,1972,55
41462,Alain Jolibert,4.111111,1,1,1,1976,1976,55
43303,Edward Mazze,5.685185,1,1,1,1974,1974,55
43359,Martin Lehman,5.962962,1,1,1,1973,1973,55
43358,Richard Staelin,2.666666,8,5,3,1971,1976,25
41421,Dennis Gensch,2.375,6,5,3,1972,1975,25
49220,V Balachandran,2.416666,5,6,2,1974,1976,25
40916,Gerald Zaltman,3.75,5,2,2,1974,1976,25
43216,Philip Kotler,2.875,5,4,4,1969,1976,25
43357,Joseph Newman,3.541666,4,2,3,1971,1974,25
44703,Alice Tybout,4.708333,4,1,1,1974,1975,25
49523,Ronald Turner,3.375,4,3,3,1973,1976,25
44660,Paul Bloom,3.666666,3,3,2,1973,1976,25
44059,Sidney Levy,3.833333,2,1,2,1969,1971,25
38797,John Wiginton,4.25,2,2,2,1976,1976,25
46150,Richard Werbel,4.5,2,1,2,1973,1974,25
74267,Jair Babad,3.333333,1,2,1,1976,1976,25
58048,Joseph Newman,3.625,1,1,1,1972,1972,25
54128,J Silver,4.625,1,1,1,1976,1976,25
55753,Phillip Kotler,3.375,1,1,1,1975,1975,25
49633,Clarence Curry,3.333333,1,1,1,1975,1975,25
49412,D Deshmukh,3.375,1,1,1,1976,1976,25
48796,Yair Babad,3.333333,1,2,1,1976,1976,25
49522,Roy Shanker,4.333333,1,1,1,1975,1975,25
46069,Thomas Golob,3.333333,1,1,1,1975,1975,25
46025,Robert Showmaker,3.625,1,1,1,1976,1976,25
46097,B Ranganathan,3.333333,1,1,1,1974,1974,25
47030,Edwin Neave,5.208333,1,1,1,1976,1976,25
39373,Nikhilesh Dholakia,4.625,1,1,1,1973,1973,25
38208,Gilbert Churchill,3.318181,9,7,3,1968,1976,23
43967,Neil Ford,2.818181,7,6,2,1970,1976,23
43968,Orville Walker,3.454545,6,4,3,1972,1975,23
42746,Robert Settle,4.318181,4,4,2,1972,1974,23
44723,Michael Mazis,3.590909,4,4,2,1973,1976,23
44801,Michael Houston,2.681818,4,3,1,1972,1976,23
56012,Ozanne Urban,3.636363,3,2,1,1970,1971,23
44773,Joel Cohen,2.727272,3,4,1,1970,1972,23
43655,Marvin Goldberg,3.590909,2,2,2,1970,1974,23
46091,Robert Jefferson,3.636363,2,1,1,1975,1976,23
45692,Richard Sauter,4.40909,2,1,2,1972,1974,23
44616,T Ahtola,3.090909,2,3,2,1972,1975,23
47393,Ford Jr,3.590909,2,3,1,1974,1976,23
64297,Neil Miller,3.590909,2,3,1,1974,1976,23
56388,Bruce Gibby,5.272727,1,1,1,1972,1972,23
55891,A Gilbert,4.272727,1,1,1,1968,1968,23
56166,Fishbein Martin,3.363636,1,2,1,1972,1972,23
56132,Leslie Dennis,4.40909,1,2,1,1973,1973,23
46022,Janice Adkinson,4.545454,1,1,1,1976,1976,23
46132,Sauter Jr,4.40909,1,1,1,1974,1974,23
46710,Robert Collings,4.272727,1,1,1,1975,1975,23
42404,Linda Golden,5.272727,1,1,1,1974,1974,23
44595,Gerald Gorn,4.545454,1,1,1,1974,1974,23
40426,Thomas Barry,2.210526,7,8,4,1973,1976,20
42806,Richard Hansen,2.631578,4,5,4,1972,1976,20
40538,David Wilson,4.315789,4,3,3,1972,1976,20
40149,Michael Harvey,2.68421,4,3,2,1974,1976,20
56274,Eugene Klippel,2.894736,3,3,2,1974,1976,20
40985,Lee Mathews,4.368421,3,2,3,1972,1975,20
40687,Roger Kerin,3.421052,3,3,3,1974,1976,20
43366,Robert Anderson,2.473684,2,3,1,1975,1976,20
42628,Roger Tremblay,3.157894,2,1,1,1975,1975,20
38684,Jean Weber,3.473684,2,2,2,1972,1975,20
55920,Fohn Monoky,3.526315,2,3,2,1972,1974,20
63379,Boewadt Robert,3.842105,1,1,1,1974,1974,20
63628,Jackie Reeves,4.315789,1,2,1,1975,1975,20
63629,Wayne Woodward,4.315789,1,2,1,1975,1975,20
65998,Michael Harvey,3.157894,1,1,1,1974,1974,20
56291,Johnson Barry,2.789473,1,2,1,1975,1975,20
55817,Reed Herbert,2.947368,1,3,1,1976,1976,20
55818,Mcgill Michael,2.947368,1,3,1,1976,1976,20
44622,Gary Munsinger,4.421052,1,1,1,1975,1975,20
45872,Paul Busch,5.263157,1,1,1,1976,1976,20
39885,William Darden,2.117647,13,6,4,1971,1976,18
38597,William Perreault,2.588235,8,4,5,1975,1976,18
42169,Fred Reynolds,2.941176,6,2,3,1971,1976,18
38669,Hiram Barksdale,2.705882,5,4,3,1971,1976,18
38834,Frederick Russ,3.411764,3,2,2,1975,1976,18
41173,Warren French,2.352941,3,2,3,1972,1976,18
44084,Hugh Guffey,3.411764,2,3,2,1972,1974,18
71575,Bill Darden,3.647058,1,1,1,1971,1971,18
51805,Robert Miles,3.529411,1,1,1,1976,1976,18
55851,C Berksdale,4.294117,1,2,1,1974,1974,18
56056,Ashton Dub,3.058823,1,1,1,1976,1976,18
45681,Ered Reynolds,3.058823,1,1,1,1972,1972,18
45604,L Kendall,4.352941,1,1,1,1975,1975,18
45625,William George,3.647058,1,1,1,1974,1974,18
46098,Alan Flaschner,3.058823,1,1,1,1974,1974,18
38081,Jimmy Hilliard,4.294117,1,2,1,1974,1974,18
38598,Rosann Spiro,3.529411,1,1,1,1976,1976,18
42530,Warren Martin,3.882352,1,1,1,1976,1976,18
43405,James Myers,1.538461,8,7,3,1968,1975,14
40463,Thomas Robertson,2.153846,7,3,2,1968,1976,14
43805,Louis Stern,1.538461,6,7,3,1971,1976,14
44592,Brian Sternthal,1.923076,6,4,3,1973,1976,14
41557,Samuel Craig,2,5,3,3,1973,1976,14
39517,Coskun Samli,1.846153,4,4,2,1969,1974,14
71077,Ansary El,2.230769,3,3,3,1972,1975,14
46215,I Adel,2.230769,3,3,3,1972,1975,14
40934,Larry Rosenberg,2.153846,3,3,3,1971,1975,14
42286,John Rossiter,3.076923,3,1,2,1974,1976,14
44656,Clark Leavitt,2.615384,2,3,2,1976,1976,14
54925,Carl Bellas,2.615384,2,2,2,1971,1976,14
54974,Edward Forgy,2.461538,1,1,1,1975,1975,14
54924,David Klock,3.538461,1,1,1,1976,1976,14
56067,Gregory Warner,2.461538,1,1,1,1968,1968,14
56085,Kennedy James,3.076923,1,1,1,1968,1968,14
45557,Oriye Agodo,2.461538,1,1,1,1976,1976,14
45665,Oscar Kramer,3.076923,1,2,1,1973,1973,14
45996,Samuel Craign,2.846153,1,1,1,1976,1976,14
46748,Ernest Uhr,2.76923,1,1,1,1974,1974,14
46796,Larry French,2.76923,1,1,1,1971,1971,14
40933,Robert Small,3.076923,1,1,1,1975,1975,14
39620,Lampert Shlomo,3.076923,1,1,1,1975,1975,14
43053,Jonathan Gutman,2.461538,1,1,1,1975,1975,14
42534,William Mcewen,3.538461,1,1,1,1976,1976,14
43403,Stephanie Kohan,2.384615,1,2,1,1972,1972,14
43404,Mille De,2.384615,1,2,1,1972,1972,14
44576,William Sargent,2.461538,1,1,1,1974,1974,14
44599,John Summers,1.583333,8,6,2,1970,1976,13
46775,Joseph Mason,1.666666,5,5,3,1968,1976,13
38376,B Wilkinson,1.833333,5,6,4,1973,1976,13
44623,Donald Granbois,2.083333,3,3,3,1973,1975,13
38375,Barry Mason,2.583333,3,3,3,1975,1976,13
38161,Richard Olshavsky,2,3,3,2,1972,1975,13
41128,Danny Bellenger,2.083333,3,3,1,1973,1976,13
44063,Bernard Pras,2.5,2,1,1,1975,1975,13
42004,Frederic Kraft,2,2,4,1,1973,1973,13
42356,John Miller,2.75,2,2,2,1972,1976,13
43003,Dan Robertson,2.833333,2,2,2,1974,1976,13
46761,Edward Smith,2.083333,2,3,2,1970,1973,13
46582,Charles King,2.5,2,1,1,1970,1971,13
59416,Donald Houlihan,2.833333,1,2,1,1973,1973,13
56261,Alford Charles,2.666666,1,2,1,1976,1976,13
56069,Thomas Charles,2.583333,1,1,1,1968,1968,13
44606,David Mackay,2.916666,1,1,1,1975,1975,13
45581,G Topel,3.666666,1,1,1,1976,1976,13
46697,Earle Steinberg,3,1,1,1,1976,1976,13
46527,Morris Mayer,2.583333,1,1,1,1972,1972,13
46157,B Granbois,2.833333,1,2,1,1973,1973,13
46762,Barr Mason,2.666666,1,2,1,1973,1973,13
38512,David Mackay,2.5,1,1,1,1976,1976,13
42529,H Bonfield,2.666666,1,2,1,1975,1975,13
43284,Robert Joselyn,3.75,1,1,1,1974,1974,13
43636,Gerald Hills,3,1,1,1,1973,1973,13
39832,Asc Ehrenberg,1.454545,10,6,2,1965,1973,12
45262,Gerald Goodhardt,2.181818,5,2,1,1967,1975,12
41359,Douglas Maclachlan,2,4,6,2,1976,1976,12
47829,Hausman Warren,2.090909,4,5,1,1972,1976,12
55992,Kollat David,2.727272,3,3,1,1967,1970,12
56043,Willett Ronald,3.454545,3,2,1,1967,1969,12
47306,Monroe Bird,1.90909,3,4,3,1970,1973,12
43373,P Charlton,2.181818,3,2,2,1973,1976,12
38347,Thomas Morton,3.90909,2,2,1,1974,1975,12
37765,Howard Thomas,2.181818,2,2,2,1971,1976,12
46794,Roger Blackwell,2.272727,2,3,1,1970,1970,12
48829,Leroy Schwarz,2.272727,2,2,1,1975,1976,12
47581,Linus Schrage,2.636363,2,2,1,1973,1975,12
49874,Howard Kunreuther,3.181818,2,2,1,1973,1974,12
50167,Wallace Crowston,2.545454,2,4,1,1973,1973,12
56154,E Fothergill,2.363636,2,1,1,1965,1965,12
55993,Engel James,2.272727,2,3,1,1970,1970,12
55994,Spence Homer,2,2,3,2,1970,1976,12
55990,C Channon,2.090909,1,2,1,1970,1970,12
56051,Mccullough James,2.818181,1,2,1,1976,1976,12
50374,Rei Peterson,3,1,1,1,1972,1972,12
50168,Jack Williams,3.363636,1,2,1,1973,1973,12
49998,Richard Sides,3,1,1,1,1973,1973,12
50112,R Kampe,2.727272,1,2,1,1973,1973,12
49673,Carole Aldrich,4.818181,1,1,1,1975,1975,12
48947,Bunn Derek,3.090909,1,1,1,1976,1976,12
49017,Michael Wagner,3.363636,1,2,1,1973,1973,12
46090,Christopher Chatfield,3.090909,1,1,1,1975,1975,12
46173,Reza Moinpour,2.818181,1,2,1,1976,1976,12
46768,James Robinson,2.818181,1,1,1,1973,1973,12
37851,Clayton Edward,2.818181,1,1,1,1973,1973,12
40520,Ronald Stephenson,4.363636,1,1,1,1969,1969,12
42992,K Johansson,2.90909,1,1,1,1976,1976,12
41601,Johny Johansson,2.818181,1,2,1,1976,1976,12
41584,S Ehrenberg,3.090909,1,1,1,1976,1976,12
44192,Yalch Richard,2.818181,1,2,1,1976,1976,12
38449,Parker Lessig,2.1,5,5,2,1971,1976,11
42526,Chem Narayana,2,4,3,3,1974,1976,11
45540,Charles Lillis,2.5,4,3,3,1974,1976,11
40577,James Horrell,1.9,3,3,2,1974,1976,11
56336,Copley Thomas,3,1,1,1,1974,1974,11
56284,Anderson Beverlee,3,1,1,1,1976,1976,11
56049,Singh Amrendra,2.4,1,2,1,1976,1976,11
45584,J Marking,2.9,1,1,1,1975,1975,11
45918,John Tollefson,3,1,1,1,1971,1971,11
46696,Rom Markin,3.4,1,1,1,1976,1976,11
46747,Delbert Hawkins,3.4,1,1,1,1974,1974,11
50702,Robert Pritchard,2.111111,6,5,1,1973,1976,10
51645,Richard Hackman,1.333333,6,6,2,1971,1976,10
52089,Edward Lawler,1.555555,5,4,2,1971,1975,10
50926,Ilgen Daniel,2.777777,3,2,1,1974,1975,10
46742,James Terborg,2.333333,3,2,1,1975,1975,10
41060,Thomas Whipple,1.777777,3,4,3,1971,1976,10
39991,Charles Mayer,2.111111,3,4,3,1970,1975,10
43182,Richard Teach,2.444444,3,3,3,1970,1976,10
40331,Lester Neidell,2,2,2,2,1971,1974,10
51285,Greg Oldham,2,2,3,2,1975,1976,10
51496,Lawrence Peters,2.111111,2,2,1,1974,1975,10
51577,Gordon O'brien,3.444444,2,2,1,1974,1974,10
51854,Leo De,3,2,1,1,1974,1976,10
74368,G Rhode,2.444444,1,1,1,1975,1975,10
64977,Gore John,3.333333,1,1,1,1970,1970,10
56375,Kenneth Purdy,2,1,3,1,1975,1975,10
56305,Hunstad Thomas,2.333333,1,2,1,1975,1975,10
54580,Robert Janson,2,1,3,1,1975,1975,10
54955,G Oldham,2.222222,1,1,1,1975,1975,10
52031,Thomas Hewett,4.333333,1,1,1,1974,1974,10
52043,Douglas Hall,2.444444,1,1,1,1974,1974,10
51826,Dale Leonard,3,1,1,1,1976,1976,10
51827,Kenneth Brousseau,2.222222,1,1,1,1976,1976,10
52124,Bernard Karasick,3,1,1,1,1973,1973,10
52077,Michael Curtis,3,1,1,1,1973,1973,10
52090,Lloyd Suttle,2.444444,1,1,1,1973,1973,10
56013,Nuckols Robert,3,1,1,1,1970,1970,10
45548,Robert Dodd,2.666666,1,1,1,1976,1976,10
45670,Lawrence Gibson,3,1,1,1,1973,1973,10
43181,Fred Allvine,3.333333,1,1,1,1976,1976,10
43201,Michael Perry,1.75,6,4,3,1969,1976,9
56449,Sloan Alfred,1.125,6,7,1,1972,1972,9
45340,Adel Ansary,1,5,8,4,1974,1976,9
45489,Edward Cundiff,2.25,3,3,1,1964,1971,9
43312,Abe Shuchman,2.375,3,2,2,1969,1975,9
43202,Arno Perry,2.625,3,1,2,1974,1976,9
43554,Robert Robicheaux,1.875,2,1,2,1974,1976,9
43311,Peter Riesz,3.25,2,1,2,1974,1975,9
56033,Curtis Hamm,1.875,2,2,1,1969,1969,9
56447,Brice Edward,1.625,2,3,1,1972,1972,9
63431,Ivan James,1.5,1,4,1,1976,1976,9
63432,Osama Tawfik,1.5,1,4,1,1976,1976,9
63433,Shih Paul,1.5,1,4,1,1976,1976,9
63434,Wesche Ulrich,1.5,1,4,1,1976,1976,9
56418,Zannetos Zenon,2,1,1,1,1972,1972,9
56277,Darsey Nancy,1.75,1,2,1,1976,1976,9
56448,M Candidate,1.75,1,2,1,1972,1972,9
56450,Zannelos Zenon,2,1,1,1,1972,1972,9
56453,Sloan Alfed,2.5,1,1,1,1972,1972,9
56454,Menezes Victor,2,1,1,1,1972,1972,9
56455,Lay Colin,2,1,1,1,1972,1972,9
56214,Morris George,3.125,1,1,1,1971,1971,9
55948,Razian Mustafa,1.875,1,1,1,1975,1975,9
55800,Gordon Bloom,2,1,1,1,1972,1972,9
42425,Arnold Barban,3.125,1,1,1,1964,1964,9
42477,Stephen Brown,1.75,1,2,1,1976,1976,9
43215,Dov Izraeli,2.625,1,1,1,1976,1976,9
42346,Ben Enis,1.428571,5,4,4,1969,1975,8
43253,Keith Cox,1.428571,5,4,3,1972,1976,8
55061,James Stafford,1.571428,3,3,2,1969,1972,8
55060,Donald Domm,2.428571,1,1,1,1972,1972,8
55858,Mogg Jack,2.285714,1,1,1,1974,1974,8
45568,B Higginbotham,2.285714,1,1,1,1976,1976,8
41168,Betsy Gelb,2.285714,1,1,1,1973,1973,8
39897,Kangun Norman,2.285714,1,1,1,1975,1975,8
38720,Del Hawkins,1.333333,7,4,4,1972,1976,7
42626,Michael Etzel,1.333333,6,4,5,1972,1974,7
38748,Michael Geurts,1.333333,6,4,2,1972,1975,7
38625,John Ivancevich,1.333333,5,4,3,1970,1975,7
38719,James Reinmuth,1.5,5,3,2,1972,1976,7
37527,William Berry,1.166666,5,5,2,1972,1976,7
44469,Gerald Albaum,1.666666,5,3,3,1973,1976,7
44232,James Donnelly,1.666666,4,2,3,1972,1975,7
42629,Raymond Marquardt,1.333333,4,4,2,1965,1975,7
49218,William Gehrlein,1.666666,3,3,2,1975,1976,7
44653,Kenneth Coney,1.833333,3,2,2,1974,1976,7
37465,Abraham Charnes,1.166666,3,5,1,1972,1973,7
37806,Moskowitz Herbert,1.5,3,3,2,1972,1976,7
39838,Anthony Mcgann,1.833333,3,2,1,1975,1975,7
44513,Burr Porter,2.333333,2,2,2,1975,1976,7
41191,Roger Best,1.833333,2,2,2,1974,1975,7
41054,Bruce Walker,2.166666,2,1,2,1973,1974,7
38119,Jeffrey Miller,1.666666,2,2,2,1975,1976,7
37988,Peter Fishburn,1.833333,2,2,1,1976,1976,7
37961,James Patterson,2.166666,2,2,1,1974,1975,7
37466,William Cooper,1.333333,2,4,1,1973,1973,7
49980,O Kortanek,1.333333,2,4,1,1973,1973,7
56097,Hardin David,1.833333,2,2,1,1967,1971,7
64372,George Kozmetsky,1.666666,2,3,1,1972,1973,7
71614,Jim Barnes,2.333333,1,1,1,1975,1975,7
56324,Johnson Keith,2.166666,1,1,1,1974,1974,7
55834,Erik Nila,2.666666,1,1,1,1975,1975,7
55995,Donnely James,2.166666,1,1,1,1970,1970,7
55088,James Baker,2.166666,1,1,1,1971,1971,7
56038,M Saniga,2.5,1,1,1,1976,1976,7
56190,Makens James,2,1,2,1,1965,1965,7
56191,Larzelere Henry,2,1,2,1,1965,1965,7
56153,Scheibelhut John,2.5,1,1,1,1973,1973,7
56106,Tamashiro Richard,2.166666,1,1,1,1974,1974,7
50216,T Ruefli,1.833333,1,2,1,1972,1972,7
50375,William Holstein,2,1,1,1,1972,1972,7
49538,Vitta Rao,2,1,1,1,1975,1975,7
49981,V Soden,2.166666,1,1,1,1973,1973,7
50068,C Colantoni,1.5,1,3,1,1973,1973,7
49894,Walter Huber,3,1,1,1,1974,1974,7
49321,Willie Hendersob,2,1,1,1,1976,1976,7
45693,Bento Cocanougher,2.166666,1,1,1,1972,1972,7
45730,Johnson Richard,2.666666,1,1,1,1971,1971,7
46078,B Ibrahim,2.166666,1,1,1,1975,1975,7
46739,R Andrus,2.166666,1,1,1,1975,1975,7
38908,Richard Mason,2.333333,1,1,1,1972,1972,7
42218,John Murphy,2.666666,1,1,1,1975,1975,7
42203,Jimmy Barnes,2.333333,1,1,1,1976,1976,7
44085,John Ezzell,3.166666,1,1,1,1975,1975,7
43898,James Taylor,1.2,6,4,2,1966,1976,6
53218,Richard Nolan,1,5,5,1,1973,1975,6
43673,Thomas Kinnear,2,4,1,2,1973,1976,6
45166,David Hughes,1.4,4,3,3,1971,1976,6
54042,Richard Vancil,1.6,4,3,1,1972,1976,6
54105,John Shank,1,4,5,1,1973,1976,6
54041,Peter Lorange,1.6,3,2,2,1974,1976,6
47580,Stanley Zionts,1.2,3,4,1,1972,1976,6
49294,Robert Trippi,1.4,3,3,2,1975,1976,6
38202,Basheer Khumawala,1.4,3,3,2,1973,1975,6
42254,Jay Klompmaker,1.4,3,3,3,1976,1976,6
43330,Allan Greenberg,1.2,3,4,2,1965,1973,6
44496,Robert Ferber,1.4,3,3,3,1974,1976,6
40834,Robert Headen,2,2,2,2,1976,1976,6
46821,Chen Andrew,1.4,2,3,2,1972,1974,6
45965,Seymour Sudman,1.4,2,3,1,1965,1974,6
45558,Lee Adler,1.4,2,3,2,1965,1976,6
56147,Holloway Robert,1.4,2,3,1,1964,1966,6
56179,Alderson Wroe,1.2,2,4,2,1941,1965,6
55691,Morton Scott,2,2,2,1,1971,1974,6
55967,Charles Phillips,1.2,2,4,1,1941,1954,6
56218,Guerrero Jose,2.2,2,1,1,1971,1971,6
60250,Frank Jen,1.6,1,2,1,1972,1972,6
60165,James Boness,2.2,1,1,1,1974,1974,6
56223,White Tod,2.2,1,1,1,1964,1964,6
54226,James Kelly,2.4,1,1,1,1975,1975,6
54227,Robert Goldstein,1.8,1,1,1,1975,1975,6
54323,Cyrus Gibson,1.8,1,1,1,1974,1974,6
54324,Michael Burnell,1.8,1,1,1,1974,1974,6
54340,John Calfee,1.8,1,1,1,1973,1973,6
54341,John Dearden,1.8,1,1,1,1973,1973,6
54404,G Niblock,1.6,1,2,1,1973,1973,6
54405,T Sandalls,1.6,1,2,1,1973,1973,6
54445,Frazar Wilde,2.4,1,1,1,1972,1972,6
54201,J Burnett,1.8,1,1,1,1975,1975,6
53137,Robert Hayes,1.8,1,1,1,1974,1974,6
53148,Neil Churchill,1.8,1,1,1,1976,1976,6
52046,Walter Mill,2.2,1,1,1,1974,1974,6
55968,James Crutchfield,2,1,1,1,1954,1954,6
55937,J Albright,1.4,1,3,1,1941,1941,6
55938,W Huegy,1.4,1,3,1,1941,1941,6
56180,Martin Miles,2,1,1,1,1965,1965,6
56157,Lucas Darrell,1.6,1,2,1,1965,1965,6
56173,Greeley Andrew,2,1,2,1,1965,1965,6
56174,Pinto Leonard,2,1,2,1,1965,1965,6
56146,Anderson Lee,1.6,1,2,1,1966,1966,6
50412,Anthony Gorry,2.8,1,1,1,1971,1971,6
49897,William Lee,2.2,1,1,1,1974,1974,6
49944,Jr Southwick,2,1,1,1,1973,1973,6
48810,Donald Erlenkotter,2.2,1,1,1,1976,1976,6
45423,Mary Roberts,2,1,1,1,1975,1975,6
45541,William Hawkes,2.2,1,1,1,1976,1976,6
46365,Dinoo Vanier,2.2,1,1,1,1976,1976,6
38905,Jyrki Wallenius,2,1,1,1,1976,1976,6
38603,John Kottas,2.2,1,1,1,1973,1973,6
40811,Jesse Teel,2,1,2,1,1976,1976,6
39073,James Hlavacek,2.2,1,1,1,1976,1976,6
43081,Sy Collins,2,1,1,1,1966,1966,6
43331,Charles Suttoni,2,1,1,1,1973,1973,6
44495,Lucy Lee,2.2,1,1,1,1974,1974,6
44587,Joseph Fry,1,6,4,5,1970,1975,5
43274,David Ricks,1,5,4,2,1971,1974,5
42487,Doyle Weiss,1.25,4,3,1,1970,1976,5
39230,John Ryans,1,4,4,3,1968,1976,5
46169,Peter Wright,1.5,4,2,1,1973,1976,5
56280,Myers Buddy,1.25,3,3,1,1973,1976,5
56290,L Enrick,1.25,3,3,1,1973,1975,5
53980,Raymond Bauer,1.25,3,3,2,1966,1973,5
52044,Thomas Mahoney,1,3,4,3,1972,1975,5
55944,Albert Blankenship,1,3,4,2,1940,1975,5
55842,Moore Frazier,1.75,3,2,1,1973,1975,5
49964,Boyd Harnden,1.25,3,3,2,1973,1975,5
44642,Stewart Bither,1.25,3,3,1,1971,1973,5
45643,Leon Schiffman,1,3,4,2,1974,1976,5
38604,Hershey Friedman,1,3,4,2,1975,1976,5
40479,Scott Armstrong,1.25,3,3,2,1970,1974,5
39694,Leckenby John,1.5,3,2,1,1973,1975,5
43347,Michael Chevalier,1.25,3,3,3,1973,1976,5
43866,Lawrence Wortzel,1.5,2,2,2,1966,1974,5
43290,Gordon Wise,1.25,2,3,2,1974,1975,5
41962,Saeed Saimee,1.75,2,1,1,1974,1974,5
41268,John Claxton,1.75,2,1,2,1971,1974,5
42592,Franklin Houston,1.5,2,2,2,1974,1976,5
42608,Claudia Fry,1.75,2,1,1,1976,1976,5
43179,Stanley Stansell,1.5,2,2,2,1975,1976,5
43073,Ronald Curhan,1.5,2,2,2,1972,1976,5
40717,Herbert Brown,1.25,2,3,2,1975,1976,5
40372,Leonard Konopa,1.5,2,2,1,1974,1975,5
38258,Sang Lee,1,2,4,2,1973,1974,5
45637,Alan Shapiro,1.5,2,2,2,1974,1974,5
45523,Jerome Scott,2.25,2,1,1,1976,1976,5
44704,Gordon Mcdougall,1.75,2,1,2,1974,1975,5
49049,Lanzenauer Von,1.75,2,1,1,1973,1973,5
49745,Michael Maher,1.5,2,2,1,1973,1974,5
55828,Surlin Stuart,1.75,2,2,1,1973,1976,5
56205,Van Theodore,2,2,1,1,1970,1971,5
56327,Lloyd Norbert,1.5,2,2,1,1974,1976,5
61405,William Folks,1.25,2,3,1,1975,1975,5
63382,Arpan Jeffery,1.75,1,1,1,1974,1974,5
63365,F Beazley,1.75,1,2,1,1975,1975,5
63366,Jordan Gerda,1.75,1,2,1,1975,1975,5
56238,Nell Elaine,1.75,1,2,1,1971,1971,5
56250,Andress James,2,1,1,1,1970,1970,5
56264,Schus Stephanie,1.5,1,2,1,1976,1976,5
56306,James Dunn,2,1,1,1,1975,1975,5
56318,Van't Willem,1.5,1,2,1,1974,1974,5
56319,Lawrence Bergin,1.5,1,2,1,1974,1974,5
56297,West James,1.75,1,1,1,1975,1975,5
54408,Dan Fenn,2,1,1,1,1973,1973,5
54940,Jerry Newman,1.75,1,1,1,1975,1975,5
52651,Arlyn Melcher,1.5,1,2,1,1974,1974,5
52045,Peter Frost,1.75,1,1,1,1974,1974,5
55829,Gordon Thomas,2.5,1,1,1,1976,1976,5
55835,Cox Myron,1.5,1,2,1,1975,1975,5
55945,Lawrence Lockley,1.5,1,2,1,1940,1940,5
55946,Edwin Ghiselli,1.5,1,2,1,1940,1940,5
55987,Siller Frederick,1.75,1,1,1,1970,1970,5
55819,Termini Salvatore,1.5,1,2,1,1976,1976,5
55820,Washington Robert,1.5,1,2,1,1976,1976,5
55849,Adamson Carrie,2.5,1,1,1,1975,1975,5
56078,Wilding John,2,1,1,1,1968,1968,5
56079,Mcclure Peter,1.75,1,1,1,1968,1968,5
56143,Murray Tracy,1.25,1,3,1,1973,1973,5
56144,Hamilton Kenneth,1.25,1,3,1,1973,1973,5
50194,J Annon,1.5,1,2,1,1972,1972,5
49962,M Tinic,2,1,1,1,1973,1973,5
47410,F Barker,1.75,1,1,1,1973,1973,5
49048,David Rutenberg,2.25,1,1,1,1974,1974,5
45409,Dunfee Thomas,1.75,1,1,1,1971,1971,5
45578,H Dash,1.75,1,1,1,1976,1976,5
45649,Roy Nicely,1.75,1,1,1,1974,1974,5
45623,Bernard Catty,2,1,1,1,1974,1974,5
45626,John Frisbie,2.25,1,1,1,1974,1974,5
45644,Vincent Gaccione,1.75,1,1,1,1974,1974,5
45963,Terry Overton,2,1,1,1,1971,1971,5
46010,Timothy Mcguire,2,1,1,1,1976,1976,5
46030,Gary Mullet,1.25,1,3,1,1973,1973,5
46693,Ira Dolich,1.75,1,2,1,1971,1971,5
47247,Linda Friedman,1.75,1,1,1,1976,1976,5
46788,Edward Wertheim,2.25,1,1,1,1972,1972,5
38663,George Milkovich,1.5,1,2,1,1972,1972,5
38349,Albert Rubenstein,2.25,1,1,1,1974,1974,5
40596,Leon Winer,1.5,1,2,1,1976,1976,5
41072,Roger Brucker,2,1,1,1,1976,1976,5
43180,Ronald Wilder,2.25,1,1,1,1976,1976,5
42615,John Hanieski,2.25,1,1,1,1976,1976,5
43346,Bernard Catry,2,1,1,1,1973,1973,5
43291,Alan King,2,1,1,1,1974,1974,5
43275,Jeffrey Arpan,1.75,1,1,1,1974,1974,5
43252,Larry Goldstein,1.75,1,1,1,1975,1975,5
38653,John Stanton,1,6,3,4,1974,1976,4
44625,Robert Blattberg,1,6,3,4,1970,1976,4
44161,Subrata Sen,1.666666,4,1,3,1973,1976,4
41178,David Wilemon,1,4,3,3,1970,1976,4
43092,Scott Ward,1,4,3,3,1972,1976,4
39918,Hakan Hakansson,1,4,3,2,1975,1976,4
38654,Jeffrey Lowenhar,1.666666,4,1,3,1974,1976,4
46197,W Granger,1,4,3,1,1970,1972,4
47406,Steven Permut,1,4,3,2,1973,1976,4
53483,William Abernathy,1,4,3,3,1971,1974,4
61626,Venkat Srinivasan,1,4,3,4,1973,1976,4
56444,Baloff Nicholas,1.333333,3,2,2,1971,1973,4
53746,David Heenan,1,3,3,2,1974,1976,4
55883,Glenn Merry,1,3,3,1,1949,1953,4
55779,Gerald Pogue,1,3,3,1,1972,1974,4
44795,Allan Shocker,1.333333,3,2,3,1973,1975,4
45442,Prakash Sethi,1,3,3,2,1969,1975,4
45630,Louis Boone,1,3,3,3,1971,1976,4
46780,Norman French,1,3,3,2,1971,1972,4
38594,Roscoe Davis,1.333333,3,2,2,1976,1976,4
37825,Bernard Taylor,1.333333,3,2,2,1976,1976,4
38127,Fred Glover,1,3,3,1,1972,1974,4
40891,William Locander,1,3,3,3,1975,1976,4
40659,Marvin Jolson,1,3,3,2,1971,1974,4
38974,Paul Berger,1,3,3,3,1974,1976,4
42555,Zarrel Lambert,1.333333,3,2,2,1975,1975,4
41673,Robert Mittelstaedt,1.333333,3,2,3,1973,1976,4
44514,Sanford Grossbart,2,2,1,2,1975,1976,4
44550,Hugh Watson,1,2,3,2,1975,1976,4
42114,Bruce Stern,1.333333,2,2,2,1971,1975,4
42100,Richard Pollay,1.333333,2,2,1,1968,1969,4
42862,Robert Grass,1,2,3,1,1972,1974,4
42701,Assael Henry,1.333333,2,2,1,1972,1976,4
43175,James Rothe,1.333333,2,2,2,1973,1974,4
42912,Walter Henry,1.333333,2,2,1,1972,1975,4
38736,Leroy Krajewski,1.333333,2,2,2,1972,1976,4
39919,Bjorn Wootz,1.666666,2,1,1,1975,1975,4
37986,Robert Winkler,1,2,3,1,1972,1976,4
38906,Howard Thompson,1.333333,2,2,2,1972,1975,4
38687,Richard Durand,1.333333,2,2,2,1975,1976,4
47120,Ronald Stiff,1,2,3,1,1976,1976,4
46198,A Billson,1.666666,2,1,1,1972,1972,4
46089,Phillip Townsend,1.333333,2,2,1,1975,1975,4
46012,Allen Michel,1.333333,2,2,1,1976,1976,4
45768,Leonard Parsons,1.333333,2,2,1,1972,1972,4
45955,Lawrence Lamont,1.333333,2,2,2,1973,1976,4
45537,Marvin Roscoe,1.333333,2,2,1,1975,1976,4
44701,Christopher Lovelock,1,2,3,1,1976,1976,4
48911,John Martin,1.333333,2,2,1,1975,1976,4
49555,William Glueck,1.333333,2,2,2,1973,1975,4
47350,James Taylor,1,2,3,2,1972,1975,4
50143,Ila Vertinsky,1,2,3,2,1973,1975,4
56081,Grubb Edward,1.333333,2,2,1,1968,1971,4
56091,Stobaugh Robert,1.333333,2,2,2,1974,1975,4
56052,Swinth Robert,1.333333,2,2,2,1969,1971,4
55996,Gabor Andre,1.333333,2,2,1,1970,1971,4
55998,Sowter Anthony,1.333333,2,2,1,1970,1971,4
54934,Fred Kniffin,2,2,1,1,1975,1975,4
55023,Gary Gemmill,1.666666,2,1,2,1970,1973,4
55739,Barbara Carlsson,1,2,3,1,1976,1976,4
52160,Frank Andrews,1,2,3,2,1972,1974,4
53178,Michael Beer,1.333333,2,2,1,1971,1976,4
52110,Robert Ruh,1.333333,2,2,2,1973,1976,4
51961,F Dansereau,1,2,3,1,1972,1975,4
54190,Christopher Sprague,1.333333,2,2,2,1972,1975,4
56211,Uhl Kenneth,1,2,3,1,1964,1970,4
56233,Brunner James,1,2,3,2,1971,1975,4
56433,Ness David,1.333333,2,2,1,1972,1974,4
60194,Robert Klemkosky,1.333333,2,2,2,1975,1976,4
63392,Hogle John,1.666666,1,1,1,1973,1973,4
65660,Kesavan Ram,1.666666,1,1,1,1976,1976,4
64272,Peter Peacock,1.666666,1,1,1,1976,1976,4
71676,John Bonno,1.666666,1,1,1,1971,1971,4
56407,Keane Peter,1.333333,1,2,1,1976,1976,4
56408,Bruce Martin,1.333333,1,2,1,1976,1976,4
56428,Mondale Walter,2,1,1,1,1974,1974,4
56430,Lall Kishore,1.666666,1,1,1,1974,1974,4
56432,Lawrence Charles,2,1,1,1,1974,1974,4
56279,Ivy Thomas,1.666666,1,1,1,1976,1976,4
56464,Bell Daniel,1,1,3,1,1971,1971,4
56465,Coase Ronald,1,1,3,1,1971,1971,4
56466,Greenberger Martin,1,1,3,1,1971,1971,4
56467,Parker Everett,1,1,3,1,1971,1971,4
60157,C Klemosky,2,1,1,1,1975,1975,4
60162,James Monahan,1.666666,1,1,1,1974,1974,4
56234,Allen Brunner,1.666666,1,1,1,1971,1971,4
56271,Dragon Donald,1,1,3,1,1976,1976,4
56272,Fromm Winfield,1,1,3,1,1976,1976,4
56273,Nierenberg Arthur,1,1,3,1,1976,1976,4
56208,Rossow Gerald,1.666666,1,1,1,1971,1971,4
56210,Allison Ralph,1.666666,1,1,1,1964,1964,4
56298,Binkert Christopher,1.333333,1,2,1,1975,1975,4
56299,Simonetti Jack,1.333333,1,2,1,1975,1975,4
54255,Howard Perlmutter,1.666666,1,1,1,1974,1974,4
54269,Kenneth Wayne,1.666666,1,1,1,1974,1974,4
54172,K Harper,1.666666,1,1,1,1975,1975,4
54189,Harvey Shycon,2,1,1,1,1975,1975,4
54077,Robert Addleman,1.666666,1,1,1,1976,1976,4
54505,Edgar Huse,2,1,1,1,1971,1971,4
54939,Calvin Reynolds,1.666666,1,1,1,1975,1975,4
51962,G Graen,1.666666,1,1,1,1975,1975,4
51965,T Barth,1.666666,1,1,1,1975,1975,4
52122,Alan Weinstein,1.333333,1,2,1,1973,1973,4
52157,G Green,1.333333,1,2,1,1972,1972,4
52158,T Minami,1.333333,1,2,1,1972,1972,4
52109,Alan Siegel,2,1,1,1,1973,1973,4
55833,Austin Larry,1,1,3,1,1976,1976,4
55950,John Houlahan,1.333333,1,2,1,1975,1975,4
55951,Alan Gabriel,1.333333,1,2,1,1975,1975,4
55969,Theodore Smith,1.666666,1,1,1,1953,1953,4
55970,Harold Merry,1.666666,1,1,1,1953,1953,4
55988,Stivers Samuel,1.666666,1,1,1,1970,1970,4
55740,Peter Kean,1.666666,1,1,1,1976,1976,4
55715,Hans Thamhain,1.666666,1,1,1,1975,1975,4
55780,Kishor Lall,1.666666,1,1,1,1974,1974,4
55803,Ralph Bussard,1.666666,1,1,1,1972,1972,4
55878,Archibald Crossley,1,1,3,1,1949,1949,4
55879,Dale Houghton,1,1,3,1,1949,1949,4
55880,E Robinson,1,1,3,1,1949,1949,4
55881,Everett Smith,1,1,3,1,1949,1949,4
55882,Oscar Owen,1.666666,1,1,1,1949,1949,4
56034,Cullwick David,1,1,3,1,1976,1976,4
56035,Kaufman Ira,1,1,3,1,1976,1976,4
56036,Clark Brad,1.666666,1,1,1,1976,1976,4
56026,Holton Richard,1.666666,1,1,1,1969,1969,4
56016,Andrus Roman,1.333333,1,2,1,1970,1970,4
56017,Poulsen Lance,1.333333,1,2,1,1970,1970,4
56077,Etemad Hamid,1.666666,1,1,1,1975,1975,4
56087,Berey Lewis,2,1,1,1,1968,1968,4
56082,Hupp Gregg,2,1,1,1,1968,1968,4
56050,Joseph Monica,1.333333,1,2,1,1976,1976,4
56182,Chance William,1.666666,1,1,1,1972,1972,4
56167,Neuhaus Colin,1.666666,1,1,1,1972,1972,4
56103,Messenger Robert,1.333333,1,2,1,1974,1974,4
50238,Gary Roodman,1.333333,1,2,1,1972,1972,4
51233,James Morgan,1.333333,1,2,1,1974,1974,4
50141,John Milsum,1.333333,1,2,1,1973,1973,4
50142,Efraim Turban,1.333333,1,2,1,1973,1973,4
49919,D Karney,1.666666,1,1,1,1974,1974,4
49710,Darwin Klingman,1.666666,1,1,1,1972,1972,4
49853,T Klastorin,1.666666,1,1,1,1974,1974,4
49410,Michael Parks,1.333333,1,2,1,1976,1976,4
49411,Nicolai Siemens,1.333333,1,2,1,1976,1976,4
47407,James Haefner,1.666666,1,1,1,1973,1973,4
48177,Francis Tuggle,2,1,1,1,1971,1971,4
49585,D Johnson,2,1,1,1,1975,1975,4
49322,Theodore Glickman,1.666666,1,1,1,1976,1976,4
49354,James Matheson,1.666666,1,1,1,1976,1976,4
45570,K Diamond,1.666666,1,1,1,1976,1976,4
45602,Dorothy Lang,2,1,1,1,1975,1975,4
45631,Joel Haynes,2,1,1,1,1974,1974,4
45691,E Wilson,2,1,1,1,1972,1972,4
46024,John Burton,1.666666,1,1,1,1976,1976,4
46133,Alfred Falthzik,1.666666,1,1,1,1974,1974,4
46079,Robert Stumpf,2,1,1,1,1975,1975,4
46088,Robert Slobaugh,2,1,1,1,1975,1975,4
46685,Don James,2,1,1,1,1976,1976,4
46488,George Farris,1.666666,1,1,1,1972,1972,4
46769,Walter Spath,1.666666,1,1,1,1973,1973,4
46208,Bailey Price,2,1,1,1,1972,1972,4
46798,Robert Lynn,1.666666,1,1,1,1971,1971,4
46781,John Williams,1.666666,1,1,1,1972,1972,4
38829,Ted Anthony,2,1,1,1,1976,1976,4
38831,F Simmons,2,1,1,1,1976,1976,4
37519,Larry Ritzman,2,1,1,1,1976,1976,4
37566,Lawrence Jauch,2,1,1,1,1975,1975,4
38054,Richard Scamell,1.666666,1,1,1,1975,1975,4
38493,John Hershey,1.333333,1,2,1,1971,1971,4
38447,George Saunders,1.666666,1,1,1,1976,1976,4
38132,Robert Britney,1.333333,1,2,1,1972,1972,4
41028,Jan Johanson,1.666666,1,1,1,1976,1976,4
41136,C Ostberg,1.666666,1,1,1,1975,1975,4
40110,Gregory Gazda,2,1,1,1,1975,1975,4
40553,William Staples,1.666666,1,1,1,1976,1976,4
39037,Alladi Venkatesh,1.666666,1,1,1,1976,1976,4
43062,Daniel Wackman,1.666666,1,1,1,1972,1972,4
42385,William Lundstrom,2,1,1,1,1976,1976,4
43386,W Bartges,1.333333,1,2,1,1972,1972,4
43387,L Piech,1.333333,1,2,1,1972,1972,4
43281,H Wallace,1.666666,1,1,1,1974,1974,4
43240,Andre Caron,1.666666,1,1,1,1975,1975,4
44564,F Scott,2,1,1,1,1975,1975,4
44477,David Kurtz,1.666666,1,1,1,1974,1974,4
44549,James Ledvinka,1.666666,1,1,1,1975,1975,4
55889,Jr Penn,1,11,2,1,1963,1974,3
63110,Schaninger William,1.5,9,1,1,1964,1974,3
55761,Russell Ackoff,1,5,2,1,1975,1975,3
48465,James Emshoff,1,5,2,1,1975,1975,3
39202,Shelby Hunt,1,4,2,2,1972,1976,3
56379,Larry Kimbell,1,3,2,1,1973,1974,3
55393,Modigliani Franco,1,3,2,1,1972,1975,3
50173,Karlene Roberts,1,3,2,2,1973,1975,3
49394,Thomas Naylor,1,3,2,2,1976,1976,3
48487,Alain Bultez,1,3,2,2,1973,1975,3
45248,John Nevin,1.5,3,1,2,1974,1976,3
38632,Henry Sims,1,3,2,2,1975,1976,3
38802,Larry Cummings,1,3,2,2,1976,1976,3
37636,William King,1,3,2,2,1973,1975,3
43256,Joseph Kamen,1,3,2,2,1970,1975,3
43720,Ralph Gaedeke,1,2,2,1,1972,1974,3
44402,Eugene Comiskey,1,2,2,1,1975,1975,3
41591,Philippe Naert,1.5,2,1,2,1973,1975,3
42095,Robert Dyer,1,2,2,2,1974,1976,3
42616,Edward Bursk,1,2,2,2,1972,1976,3
42609,Kenneth Roering,1,2,2,2,1976,1976,3
43131,Robert Shoaf,1,2,2,2,1974,1975,3
42930,Lyman Ostlund,1,2,2,2,1972,1976,3
39670,Doyle Peter,1,2,2,1,1975,1975,3
38911,Wilbur Lewellen,1,2,2,2,1972,1972,3
38746,Richard Hise,1,2,2,2,1976,1976,3
40119,Philip Schary,1,2,2,2,1972,1976,3
40977,Arnold Reisman,1.5,2,1,1,1973,1973,3
41002,Francesco Nicosia,1,2,2,2,1968,1976,3
40738,Thomas Wotruba,1,2,2,2,1976,1976,3
38077,Ian Mitroff,1,2,2,1,1973,1974,3
37731,Mabert Vincent,1,2,2,2,1972,1973,3
38806,Lawrence Sherr,1,2,2,2,1967,1976,3
46981,Dwight Crane,1,2,2,2,1972,1972,3
45527,John Martilla,1,2,2,2,1966,1975,3
44977,Rachel Dardis,1,2,2,1,1972,1976,3
44618,Paul Peter,1,2,2,2,1975,1976,3
44620,James Shanteau,1,2,2,1,1975,1976,3
44640,Frederick Sturdivant,1,2,2,2,1973,1976,3
49434,Stylianos Perrakis,1,2,2,1,1974,1976,3
48382,Hillel Einhorn,1,2,2,1,1976,1976,3
48104,Burton Dean,1,2,2,1,1973,1974,3
47412,Paul Winn,1,2,2,2,1973,1976,3
49620,Andrew Cunningham,1,2,2,1,1975,1976,3
51112,Kendrith Rowland,1,2,2,2,1973,1973,3
49524,David Cleland,1.5,2,1,2,1974,1975,3
49536,Zvi Lieber,1,2,2,1,1975,1975,3
56086,Rich Stuart,1,2,2,1,1964,1968,3
56019,Toman Robert,1.5,2,1,1,1970,1971,3
56031,Kotzan Jeffrey,1,2,2,1,1969,1970,3
55062,William Reif,1,2,2,1,1972,1975,3
54083,Herman Gadon,1,2,2,2,1975,1976,3
55589,Franklin Root,1,2,2,1,1976,1976,3
53621,Londe La,1,2,2,2,1967,1970,3
51845,John Sheridan,1,2,2,1,1975,1976,3
51918,Charles O'reilly,1.5,2,1,1,1974,1975,3
51702,Richard Klimoski,1,2,2,1,1974,1975,3
51327,Doherty Michael,1,2,2,1,1974,1976,3
51874,Lyman Porter,1,2,2,1,1974,1976,3
51888,C Hamner,1,2,2,1,1975,1975,3
51920,Kenneth Alvares,1,2,2,1,1973,1975,3
54886,Daniel Gattis,1.5,2,1,1,1976,1976,3
54354,Vincent Flowers,1,2,2,2,1973,1974,3
54224,Donald Lessard,1.5,2,1,1,1975,1975,3
56380,Robert Williams,1.5,2,1,1,1973,1974,3
63918,Smith Leigh,1,2,2,2,1975,1975,3
72398,S William,1.5,2,1,1,1963,1973,3
61800,Robert Hawkins,1,2,2,1,1976,1976,3
61801,Norman Mintz,1,2,2,1,1976,1976,3
60173,Roman Weil,1,2,2,1,1974,1974,3
63630,Thomas Roertson,1,1,2,1,1971,1971,3
63353,Provissiero Michael,1,1,2,1,1976,1976,3
63354,Minnis Bernard,1.5,1,1,1,1976,1976,3
60191,William Gallagher,1.5,1,1,1,1976,1976,3
62486,Michael Williams,1.5,1,1,1,1973,1973,3
73730,Lawrence Fisher,1.5,1,1,1,1974,1974,3
66877,Berry Leonard,1,1,2,1,1976,1976,3
69147,Miller Sylvia,1,1,2,1,1972,1972,3
70703,David Gardner,1.5,1,1,1,1973,1973,3
72234,Pasquale De,1,1,2,1,1971,1971,3
72235,A John,1,1,2,1,1971,1971,3
72236,Richard Lange,1,1,2,1,1971,1971,3
56392,Yoshino Michael,1,1,2,1,1971,1971,3
56404,Heard Marshall,1,1,2,1,1976,1976,3
56405,Jackson Richard,1,1,2,1,1976,1976,3
56406,Smith Charles,1,1,2,1,1976,1976,3
56452,Askari Hossein,1.5,1,1,1,1972,1972,3
56458,Thurow Lester,1,1,2,1,1972,1972,3
56459,Annable James,1,1,2,1,1972,1972,3
60172,John Gould,1.5,1,1,1,1974,1974,3
56243,Braucher Charles,1.5,1,1,1,1970,1970,3
56333,Thumin Fred,1,1,2,1,1974,1974,3
56334,Craddick Ray,1,1,2,1,1974,1974,3
56335,Barclay Allan,1,1,2,1,1974,1974,3
56322,Tesar George,1,1,2,1,1974,1974,3
54151,G Bever,1.5,1,1,1,1975,1975,3
54082,Nancy Foy,1.5,1,1,1,1976,1976,3
54355,Charles Hughes,1.5,1,1,1,1973,1973,3
54455,Robert Johnson,1.5,1,1,1,1972,1972,3
54481,Gene Bradley,1.5,1,1,1,1972,1972,3
54482,William White,1.5,1,1,1,1972,1972,3
54957,W Newstrom,1.5,1,1,1,1975,1975,3
54964,Alvar Elbing,1.5,1,1,1,1975,1975,3
54987,Aka Udo,1.5,1,1,1,1974,1974,3
54993,Scott Myers,1.5,1,1,1,1974,1974,3
55020,Ralph Cassady,1,1,2,1,1973,1973,3
55021,Barker Jr,1,1,2,1,1973,1973,3
55022,F David,1,1,2,1,1973,1973,3
54035,Roy Adler,1.5,1,1,1,1976,1976,3
51986,William Mertz,1.5,1,1,1,1974,1974,3
51987,Richard Mowday,1.5,1,1,1,1974,1974,3
52019,Ronald Ash,1.5,1,1,1,1974,1974,3
51943,William Lafollette,1.5,1,1,1,1975,1975,3
51889,W Foster,1.5,1,1,1,1975,1975,3
51891,G Szilagyi,1.5,1,1,1,1975,1975,3
51893,P Haccoun,1.5,1,1,1,1975,1975,3
51875,William Crampon,1.5,1,1,1,1976,1976,3
51614,Jack Roose,1.5,1,1,1,1976,1976,3
51844,Kirk Downer,1.5,1,1,1,1976,1976,3
51919,John Bernardin,1.5,1,1,1,1975,1975,3
52125,Jay Schuster,1,1,2,1,1973,1973,3
52126,Lyle Knowles,1,1,2,1,1973,1973,3
53936,Quinn Mills,1,1,2,1,1972,1972,3
52305,Fred Luthans,1.5,1,1,1,1972,1972,3
52556,Brown Andrew,1,1,2,1,1965,1965,3
52091,Lars Larson,1.5,1,1,1,1973,1973,3
52104,Arthur Dudycha,1,1,2,1,1973,1973,3
52105,Myron Dumoff,1,1,2,1,1973,1973,3
52106,Linda Dudycha,1,1,2,1,1973,1973,3
55830,Singh Baljit,1.5,1,1,1,1976,1976,3
55831,Neville Thomas,1.5,1,1,1,1976,1976,3
55839,Henderson Stuart,1,1,2,1,1975,1975,3
55840,Donahoe James,1,1,2,1,1975,1975,3
55841,Foley Joseph,1,1,2,1,1975,1975,3
55904,J Bernard,1.5,1,1,1,1967,1967,3
55980,B Hotchkiss,1,1,2,1,1951,1951,3
55981,Ernest Bradford,1,1,2,1,1951,1951,3
55982,D Converse,1,1,2,1,1951,1951,3
55939,W Wingate,1,1,2,1,1941,1941,3
55940,R Hawkinson,1,1,2,1,1941,1941,3
55941,V Read,1,1,2,1,1941,1941,3
55519,Yvan Allaire,1,1,2,1,1975,1975,3
55040,Fredrick Savavage,1.5,1,1,1,1973,1973,3
55073,Alan Lazar,1.5,1,1,1,1972,1972,3
55847,Wills Gordon,1,1,2,1,1975,1975,3
55848,Kennedy Sherril,1,1,2,1,1975,1975,3
56032,Evanson Robert,1.5,1,1,1,1969,1969,3
56008,Herniter Jerome,1.5,1,1,1,1970,1970,3
56023,Draper Norman,1,1,2,1,1969,1969,3
56024,Hunter William,1,1,2,1,1969,1969,3
56025,Tierney David,1,1,2,1,1969,1969,3
56187,Clevenger Theodore,1,1,2,1,1965,1965,3
56188,Lazier Gilbert,1,1,2,1,1965,1965,3
56189,Leitner Margaret,1,1,2,1,1965,1965,3
56200,Cox Donald,1.5,1,1,1,1964,1964,3
56184,Simon Leonard,1,1,2,1,1972,1972,3
56185,Alexis Marcus,1,1,2,1,1972,1972,3
56165,Bowen Lawrence,1,1,2,1,1972,1972,3
56169,F Buck,1,1,2,1,1965,1965,3
56170,G Pyatt,1,1,2,1,1965,1965,3
56131,Thompson Donald,1.5,1,1,1,1966,1966,3
50251,S Bradley,1.5,1,1,1,1972,1972,3
50169,D Haynes,1,1,2,1,1973,1973,3
50170,A Komar,1,1,2,1,1973,1973,3
51141,Charles Hulin,1.5,1,1,1,1973,1973,3
51097,E Scott,1.5,1,1,1,1975,1975,3
50012,Paul Lukas,1.5,1,1,1,1973,1973,3
50016,B Pyle,1,1,2,1,1973,1973,3
50049,J Krajewsli,1.5,1,1,1,1973,1973,3
50123,J Maher,1,1,2,1,1973,1973,3
50124,C Gittins,1,1,2,1,1973,1973,3
50125,W Morgan,1,1,2,1,1973,1973,3
49898,Klaus Truemper,1.5,1,1,1,1974,1974,3
49672,S Panwalkar,1.5,1,1,1,1975,1975,3
49726,Claude Henin,1.5,1,1,1,1974,1974,3
49836,Frederick Betz,1.5,1,1,1,1974,1974,3
49395,Hors Schauland,1.5,1,1,1,1976,1976,3
47411,Ross Johnson,1.5,1,1,1,1973,1973,3
48691,Jack Byrd,1,1,2,1,1973,1973,3
49587,Yoram Friedman,1.5,1,1,1,1975,1975,3
49619,Sujit Dutta,1.5,1,1,1,1975,1975,3
49435,Izzet Sahin,1.5,1,1,1,1976,1976,3
49513,Yair Orgler,1.5,1,1,1,1975,1975,3
49351,M Frances,1.5,1,1,1,1976,1976,3
44617,Lawrence Tarpey,1.5,1,1,1,1975,1975,3
44621,Gerrit Wolfe,1.5,1,1,1,1975,1975,3
44629,Michael Troutman,1.5,1,1,1,1976,1976,3
44800,George Haines,1,1,2,1,1972,1972,3
45270,Leonard Berry,1,1,2,1,1976,1976,3
45292,David Huff,1.5,1,1,1,1967,1967,3
45556,Michael Thurlow,1.5,1,1,1,1976,1976,3
45521,Gerald Udell,1,1,2,1,1974,1974,3
45652,Philip Kuehl,1.5,1,1,1,1974,1974,3
45661,Waylon Griffin,1.5,1,1,1,1973,1973,3
45611,Davis Carvey,1.5,1,1,1,1975,1975,3
45694,Kjell Halvorsen,1.5,1,1,1,1972,1972,3
45966,Michael Mcginnis,1.5,1,1,1,1976,1976,3
46087,J Fenwick,1.5,1,1,1,1975,1975,3
46673,James Hensel,1,1,2,1,1976,1976,3
46674,D Dowdell,1.5,1,1,1,1976,1976,3
46183,K Sheinkopf,1,1,2,1,1972,1972,3
46184,C Atkin,1,1,2,1,1972,1972,3
46159,Phillip Naert,1.5,1,1,1,1973,1973,3
46758,Josephine Saunders,1,1,2,1,1973,1973,3
46759,Sam Coskun,1,1,2,1,1973,1973,3
46760,Eni Toqier,1,1,2,1,1973,1973,3
46784,Jerry Williams,1.5,1,1,1,1972,1972,3
38717,James Pappas,1.5,1,1,1,1972,1972,3
38803,Donald Harnett,1.5,1,1,1,1976,1976,3
38804,Stuart Schmidt,1.5,1,1,1,1976,1976,3
38805,William Bentz,1.5,1,1,1,1976,1976,3
38907,Thomas Ferratt,1.5,1,1,1,1972,1972,3
37746,Russell Barefield,1.5,1,1,1,1975,1975,3
37989,Robin Hogarth,1.5,1,1,1,1976,1976,3
38076,Norman Baker,1,1,2,1,1976,1976,3
38585,Richard Mason,1.5,1,1,1,1973,1973,3
38387,Slocum John,1.5,1,1,1,1975,1975,3
38171,Douglas Dalrymple,1,1,2,1,1971,1971,3
40785,Jain Subhash,1.5,1,1,1,1968,1968,3
40801,Souder Wm,1,1,2,1,1976,1976,3
40829,Jerome Colletti,1,1,2,1,1973,1973,3
40892,William Souder,1,1,2,1,1976,1976,3
41017,Michael Ryan,1.5,1,1,1,1976,1976,3
41075,Robert Haas,1.5,1,1,1,1976,1976,3
40120,Boris Becker,1.5,1,1,1,1976,1976,3
40238,Carl Block,1.5,1,1,1,1976,1976,3
39431,Douglas Brownlie,1,1,2,1,1973,1973,3
38912,Michael Long,1.5,1,1,1,1972,1972,3
38929,Keith Howard,1.5,1,1,1,1972,1972,3
39730,Corkindale David,1,1,2,1,1975,1975,3
43142,Robert Shoemaker,1.5,1,1,1,1975,1975,3
43130,Edward Melnick,1.5,1,1,1,1974,1974,3
42575,Robert Strawser,1.5,1,1,1,1976,1976,3
42610,Robert Paul,1.5,1,1,1,1976,1976,3
42726,Kevin Clancy,1.5,1,1,1,1976,1976,3
42501,Robert Mayer,1.5,1,1,1,1976,1976,3
41309,Douglas Bowman,1,1,2,1,1973,1973,3
42094,Terence Shimp,1.5,1,1,1,1976,1976,3
41776,M Naidu,1,1,2,1,1974,1974,3
43257,Abdul Azhari,1.5,1,1,1,1975,1975,3
43335,Ian Fenwick,1.5,1,1,1,1975,1975,3
43383,H Britt,1,1,2,1,1972,1972,3
43384,C Adams,1,1,2,1,1972,1972,3
43401,John Myers,1.5,1,1,1,1968,1968,3
44375,Benard Mennis,1.5,1,1,1,1976,1976,3
44526,Jay Reamer,1.5,1,1,1,1975,1975,3
42830,Gerald Glasser,1,3,1,2,1972,1975,2
42831,Gale Metzger,1,3,1,2,1972,1975,2
43424,Claude Martin,1,2,1,1,1974,1974,2
43241,Lowndes Stephens,1,2,1,2,1975,1975,2
42426,Roy Moore,1,2,1,2,1975,1975,2
42206,David Furse,1,2,1,1,1975,1975,2
42207,Gary Armstrong,1,2,1,2,1975,1976,2
41809,Peter Buckley,1,2,1,1,1975,1976,2
42627,Barnett Greenberg,1,2,1,1,1975,1975,2
42578,Pat Burr,1,2,1,1,1976,1976,2
42579,Richard Burr,1,2,1,1,1976,1976,2
43190,Laurence Feldman,1,2,1,2,1975,1976,2
43035,Leo Bogart,1,2,1,1,1973,1973,2
43078,James Krum,1,2,1,2,1976,1976,2
43079,Stephen Keiser,1,2,1,2,1976,1976,2
40268,Peter Banting,1,2,1,1,1973,1975,2
38148,Celik Parkan,1,2,1,1,1974,1974,2
38549,Earl Burch,1,2,1,2,1974,1976,2
37932,Joseph Wolfe,1,2,1,2,1975,1976,2
38847,Richard Duvall,1,2,1,1,1973,1973,2
38848,Richard Sanders,1,2,1,1,1973,1973,2
38769,Paul Nemiroff,1,2,1,2,1976,1976,2
47243,Harold Berkman,1,2,1,1,1974,1976,2
46179,Charles Lehman,1,2,1,1,1973,1973,2
46657,Jan Muczyk,1,2,1,2,1974,1976,2
46103,Roger Wright,1,2,1,1,1974,1974,2
46020,Ahmed Belkaoui,1,2,1,1,1976,1976,2
46021,Janice Belkaoui,1,2,1,1,1976,1976,2
46053,Leslie Kanuk,1,2,1,1,1975,1975,2
46054,Conrad Berenson,1,2,1,1,1975,1975,2
46065,Frank Schmidt,1,2,1,1,1975,1975,2
46066,Terry Wilson,1,2,1,1,1975,1975,2
48466,Ralph Kilmann,1,2,1,2,1975,1976,2
49387,Mel Horwitch,1,2,1,1,1976,1976,2
48408,Charles Holloway,1,2,1,1,1974,1974,2
48108,Eli Shlifer,1,2,1,1,1975,1975,2
47404,Don Leet,1,2,1,1,1973,1973,2
47405,John Shaw,1,2,1,1,1973,1973,2
47408,Carl Figliola,1,2,1,1,1973,1973,2
47409,Stanley Klein,1,2,1,1,1973,1973,2
49760,Manfred Kochen,1,2,1,1,1973,1974,2
49761,Karl Deutsch,1,2,1,1,1973,1974,2
50920,Randall Dunham,1,2,1,2,1975,1976,2
55804,Bernard Smith,1,2,1,1,1972,1972,2
55805,John Thomas,1,2,1,1,1972,1972,2
53593,Frederick Gluck,1,2,1,1,1975,1976,2
53053,K Prahalad,1,2,1,1,1976,1976,2
51858,James Cashman,1,2,1,1,1973,1976,2
51859,Fred Dansereau,1,2,1,1,1973,1976,2
51921,Benson Rosen,1,2,1,2,1974,1975,2
51922,Thomas Jerdee,1,2,1,2,1974,1975,2
54032,Paul Thompson,1,2,1,1,1971,1976,2
54033,Gene Dalton,1,2,1,1,1971,1976,2
54034,Richard Foster,1,2,1,1,1975,1976,2
54896,Kenneth Phillips,1,2,1,1,1976,1976,2
54897,Michael Teitz,1,2,1,1,1976,1976,2
54898,Richard Bender,1,2,1,1,1976,1976,2
54899,John Parman,1,2,1,1,1976,1976,2
54938,Jimmy Chambless,1,2,1,1,1975,1975,2
56304,Ross Randolph,1,2,1,1,1973,1975,2
56373,Randy Boxx,1,2,1,1,1975,1975,2
56276,Gilson Christopher,1,2,1,1,1974,1976,2
56285,Henry William,1,2,1,2,1974,1976,2
56421,Kennedy Miles,1,2,1,1,1975,1975,2
56422,Mahapatra Sitikantha,1,2,1,1,1975,1975,2
62686,Nelson Tammy,1,2,1,1,1974,1974,2
61812,Ingo Walter,1,2,1,1,1975,1976,2
61813,John Dunning,1,2,1,1,1975,1976,2
61430,Isaiah Litvak,1,2,1,1,1976,1976,2
61431,Christopher Maule,1,2,1,1,1976,1976,2
63425,Neil Thomas,1,2,1,1,1975,1976,2
63371,Ruff Henri,1,2,1,1,1974,1974,2
63372,Jackson Graham,1,2,1,1,1974,1974,2
63380,Hal Mason,1,1,1,1,1974,1974,2
63381,Masson Francis,1,1,1,1,1974,1974,2
63383,Sanden Peter,1,1,1,1,1974,1974,2
63393,De Clovis,1,1,1,1,1973,1973,2
63407,Hansz James,1,1,1,1,1972,1972,2
63408,Fayerweather John,1,1,1,1,1972,1972,2
63409,Kapoor Ashok,1,1,1,1,1972,1972,2
63410,Pincus Joseph,1,1,1,1,1972,1972,2
63411,Edwards Donald,1,1,1,1,1972,1972,2
63420,Smith Clifford,1,1,1,1,1970,1970,2
63421,Whited Marshall,1,1,1,1,1970,1970,2
63355,Mandell Steven,1,1,1,1,1975,1975,2
63356,Salmi Timo,1,1,1,1,1975,1975,2
63357,Gardner Richard,1,1,1,1,1975,1975,2
63358,Vambery Robert,1,1,1,1,1975,1975,2
60174,Arnold Heggestad,1,1,1,1,1975,1975,2
60175,John Mingo,1,1,1,1,1975,1975,2
60176,Gary Guth,1,1,1,1,1975,1975,2
60177,Alexander Yeats,1,1,1,1,1975,1975,2
60178,Edward Irons,1,1,1,1,1975,1975,2
60179,Edwin Mansfied,1,1,1,1,1975,1975,2
60180,Samuel Wagner,1,1,1,1,1975,1975,2
60181,Crawford Honeycutt,1,1,1,1,1975,1975,2
60182,Samuel Reid,1,1,1,1,1975,1975,2
60183,Rodney Johnson,1,1,1,1,1975,1975,2
60184,David Meinster,1,1,1,1,1975,1975,2
60186,Patrick Hess,1,1,1,1,1976,1976,2
60187,Robert Hagerman,1,1,1,1,1976,1976,2
60188,Lemma Senbet,1,1,1,1,1976,1976,2
60189,Herman Liebling,1,1,1,1,1976,1976,2
60190,Peter Bidwell,1,1,1,1,1976,1976,2
60192,Roger Ibbotson,1,1,1,1,1976,1976,2
60193,Rex Sinqurfield,1,1,1,1,1976,1976,2
61447,Lee Radebaugh,1,1,1,1,1975,1975,2
61528,George Philippatos,1,1,1,1,1973,1973,2
60196,Phillip Shinoda,1,1,1,1,1976,1976,2
60197,Paul Grier,1,1,1,1,1976,1976,2
60198,Steve Katz,1,1,1,1,1976,1976,2
60368,E Frech,1,1,1,1,1974,1974,2
61296,Nobel Robert,1,1,1,1,1973,1973,2
62010,Stephen Young,1,1,1,1,1976,1976,2
61749,Arthur Whatley,1,1,1,1,1976,1976,2
61752,James Bicksler,1,1,1,1,1976,1976,2
61791,Jan Vahlne,1,1,1,1,1974,1974,2
73727,Paul Ginsburg,1,1,1,1,1974,1974,2
73728,John Mcdonald,1,1,1,1,1974,1974,2
73729,Bertrand Jacquillat,1,1,1,1,1974,1974,2
74261,D Klingman,1,1,1,1,1974,1974,2
74262,A Napier,1,1,1,1,1974,1974,2
66818,Sprague Linda,1,1,1,1,1975,1975,2
67178,David Bell,1,1,1,1,1975,1975,2
68430,Salomon Robert,1,1,1,1,1972,1972,2
69092,Jack Herbert,1,1,1,1,1976,1976,2
69518,Vasella Daniel,1,1,1,1,1972,1972,2
69872,White Mathew,1,1,1,1,1976,1976,2
70700,Arthur Kraft,1,1,1,1,1973,1973,2
70701,John Kraft,1,1,1,1,1973,1973,2
70702,Nicolas Gressis,1,1,1,1,1973,1973,2
70989,Geoff Lockett,1,1,1,1,1973,1973,2
65806,Tosi Henry,1,1,1,1,1973,1973,2
62752,Eugene Fram,1,1,1,1,1976,1976,2
71563,Dyke Van,1,1,1,1,1976,1976,2
71576,Martin Bell,1,1,1,1,1971,1971,2
71577,William Emory,1,1,1,1,1971,1971,2
71675,Riesen Von,1,1,1,1,1973,1973,2
72172,Leer Van,1,1,1,1,1976,1976,2
72173,R Karl,1,1,1,1,1976,1976,2
72214,Murry Mc,1,1,1,1,1973,1973,2
72227,Ii Sorenson,1,1,1,1,1972,1972,2
72228,Z Ralph,1,1,1,1,1972,1972,2
72229,Zandt Van,1,1,1,1,1972,1972,2
72231,Simone De,1,1,1,1,1972,1972,2
72390,Albert Bruno,1,1,1,1,1973,1973,2
72392,Jaffe Laurence,1,1,1,1,1950,1950,2
72393,Lessler Richard,1,1,1,1,1950,1950,2
72394,Strohkarck Frank,1,1,1,1,1950,1950,2
72395,Phelps Katherine,1,1,1,1,1950,1950,2
72396,D Tousley,1,1,1,1,1950,1950,2
72397,Baer Wilmer,1,1,1,1,1950,1950,2
56389,Karuna Arthur,1,1,1,1,1972,1972,2
56390,Smith Earl,1,1,1,1,1972,1972,2
56398,Fred Massarik,1,1,1,1,1970,1970,2
56399,Bruce Krueger,1,1,1,1,1970,1970,2
56413,Sulg Madis,1,1,1,1,1976,1976,2
56414,Wiig Kari,1,1,1,1,1976,1976,2
56416,Gintis Herbert,1,1,1,1,1975,1975,2
56431,Dan Schendel,1,1,1,1,1974,1974,2
56286,Warwick Kenneth,1,1,1,1,1976,1976,2
56434,W Abel,1,1,1,1,1974,1974,2
56435,Heath Larry,1,1,1,1,1974,1974,2
56436,Hennig Margaret,1,1,1,1,1973,1973,2
56437,Jardin Anne,1,1,1,1,1973,1973,2
56442,De Dominique,1,1,1,1,1973,1973,2
56443,Sarofim Norna,1,1,1,1,1973,1973,2
56457,Meadows Donella,1,1,1,1,1972,1972,2
56460,Randers Jorgen,1,1,1,1,1972,1972,2
56469,Frohman Alan,1,1,1,1,1970,1970,2
57816,Reich Darcy,1,1,1,1,1976,1976,2
58816,Bruce Ellis,1,1,1,1,1971,1971,2
59735,John Roberts,1,1,1,1,1972,1972,2
60138,Melvin Anshen,1,1,1,1,1973,1973,2
60139,William Guth,1,1,1,1,1973,1973,2
60140,Gd Hughes,1,1,1,1,1973,1973,2
60141,B Juhasz,1,1,1,1,1973,1973,2
60142,Robert Coates,1,1,1,1,1973,1973,2
60143,E Llpdegraff,1,1,1,1,1973,1973,2
60144,Thad Green,1,1,1,1,1973,1973,2
60145,Morton Cotlar,1,1,1,1,1973,1973,2
60146,Hal Pickle,1,1,1,1,1973,1973,2
60147,Brian Rungeling,1,1,1,1,1973,1973,2
60148,Theodore Becker,1,1,1,1,1973,1973,2
60149,Robert Stern,1,1,1,1,1973,1973,2
60150,Gerald Scully,1,1,1,1,1973,1973,2
60151,Lowell Gallaway,1,1,1,1,1973,1973,2
60152,Loraine Donaldson,1,1,1,1,1973,1973,2
60153,Raymond Strangways,1,1,1,1,1973,1973,2
60154,Jack Treynor,1,1,1,1,1973,1973,2
60155,Fischer Black,1,1,1,1,1973,1973,2
60158,R Bomball,1,1,1,1,1975,1975,2
60159,J Primeaux,1,1,1,1,1975,1975,2
60161,G Marcis,1,1,1,1,1975,1975,2
60163,Bruce Steinwald,1,1,1,1,1974,1974,2
60164,Frank Sloan,1,1,1,1,1974,1974,2
60166,David Gustafson,1,1,1,1,1974,1974,2
60167,Charles Kuehl,1,1,1,1,1974,1974,2
60168,Vincent Mcgugan,1,1,1,1,1974,1974,2
60169,Richard Caves,1,1,1,1,1974,1974,2
60170,Douglas Cocks,1,1,1,1,1974,1974,2
60171,John Virts,1,1,1,1,1974,1974,2
56236,Dixon Donald,1,1,1,1,1971,1971,2
56237,Mclaughlin Daniel,1,1,1,1,1971,1971,2
56240,Snowbarger Marvin,1,1,1,1,1970,1970,2
56241,Dunkelberg Bill,1,1,1,1,1970,1970,2
56242,Blair Larry,1,1,1,1,1970,1970,2
56244,Khera Inder,1,1,1,1,1970,1970,2
56245,Benson James,1,1,1,1,1970,1970,2
56262,Zikmund William,1,1,1,1,1976,1976,2
56263,Catalanello Ralph,1,1,1,1,1976,1976,2
56265,Render Barry,1,1,1,1,1976,1976,2
56266,O'connor Thomas,1,1,1,1,1976,1976,2
56222,Gatty Ronald,1,1,1,1,1971,1971,2
56225,Smith Harry,1,1,1,1,1964,1964,2
56226,M Birt,1,1,1,1,1964,1964,2
56227,H Brogren,1,1,1,1,1964,1964,2
56228,Sparks David,1,1,1,1,1971,1971,2
56229,T Tucker,1,1,1,1,1971,1971,2
56230,A White,1,1,1,1,1971,1971,2
56232,Wernick Sarah,1,1,1,1,1971,1971,2
56212,Crisp Richard,1,1,1,1,1964,1964,2
56213,Sachs William,1,1,1,1,1964,1964,2
56216,Jay John,1,1,1,1,1971,1971,2
56217,Pinegar Max,1,1,1,1,1971,1971,2
56328,Daignault George,1,1,1,1,1974,1974,2
56341,Cox John,1,1,1,1,1974,1974,2
56361,Hill Roy,1,1,1,1,1975,1975,2
56369,George Heitmann,1,1,1,1,1976,1976,2
56370,E Croken,1,1,1,1,1976,1976,2
56320,Nielsen Richard,1,1,1,1,1974,1974,2
56321,Mcqueen Charles,1,1,1,1,1974,1974,2
56325,Smith Alan,1,1,1,1,1974,1974,2
56326,Easley Eddie,1,1,1,1,1974,1974,2
56281,Marton Katherine,1,1,1,1,1976,1976,2
56282,Berkman Karen,1,1,1,1,1976,1976,2
56294,Bruce Weale,1,1,1,1,1975,1975,2
56295,Nosari Eldon,1,1,1,1,1975,1975,2
56296,Brown Thomas,1,1,1,1,1975,1975,2
56302,Lane George,1,1,1,1,1975,1975,2
56303,Watson Gayne,1,1,1,1,1975,1975,2
54228,Robert Hulme,1,1,1,1,1975,1975,2
54229,Richard Bevan,1,1,1,1,1975,1975,2
54239,K Warren,1,1,1,1,1975,1975,2
54241,A Meitz,1,1,1,1,1975,1975,2
54242,B Castleman,1,1,1,1,1975,1975,2
54243,M Ivanetic,1,1,1,1,1975,1975,2
54244,G Rayner,1,1,1,1,1975,1975,2
54247,M Clewett,1,1,1,1,1975,1975,2
54268,Stephen Diamond,1,1,1,1,1974,1974,2
54270,Richard Johnson,1,1,1,1,1974,1974,2
54271,Alexander Morton,1,1,1,1,1974,1974,2
54272,Samuel Pettway,1,1,1,1,1974,1974,2
54273,Toshio Ozeki,1,1,1,1,1974,1974,2
54274,Yasuo Kanzaki,1,1,1,1,1974,1974,2
54275,Joseph Flom,1,1,1,1,1974,1974,2
54276,Peter Atkins,1,1,1,1,1974,1974,2
54277,Donald Hockett,1,1,1,1,1974,1974,2
54278,James Kasprzak,1,1,1,1,1974,1974,2
54287,James Webber,1,1,1,1,1974,1974,2
54288,Martha Dula,1,1,1,1,1974,1974,2
54289,Peter Keen,1,1,1,1,1974,1974,2
54290,John Wooster,1,1,1,1,1974,1974,2
54291,Richard Thoman,1,1,1,1,1974,1974,2
54292,Lawrence Bennigson,1,1,1,1,1974,1974,2
54293,Arnold Bennigson,1,1,1,1,1974,1974,2
54294,Rollie Tillman,1,1,1,1,1974,1974,2
54342,Edward Reavey,1,1,1,1,1973,1973,2
54343,Lynn Brua,1,1,1,1,1973,1973,2
54344,John Griffith,1,1,1,1,1973,1973,2
54345,Walton Hancock,1,1,1,1,1973,1973,2
54346,Samuel Connor,1,1,1,1,1973,1973,2
54352,Paul Ellwood,1,1,1,1,1973,1973,2
54353,Michael Herbert,1,1,1,1,1973,1973,2
54106,Ronald Posner,1,1,1,1,1976,1976,2
54129,C Cammann,1,1,1,1,1976,1976,2
54131,K Dhalla,1,1,1,1,1976,1976,2
54134,J Mossien,1,1,1,1,1976,1976,2
54135,L Seidler,1,1,1,1,1976,1976,2
54136,L Wiesen,1,1,1,1,1976,1976,2
54149,George Fisk,1,1,1,1,1975,1975,2
54150,Raja Chandran,1,1,1,1,1975,1975,2
54170,G Miller,1,1,1,1,1975,1975,2
54174,T Lund,1,1,1,1,1975,1975,2
54175,C Bumstead,1,1,1,1,1975,1975,2
54043,Louis Gerstner,1,1,1,1,1976,1976,2
54044,Helen Anderson,1,1,1,1,1976,1976,2
54045,J Mighdoll,1,1,1,1,1976,1976,2
54046,Peter Weisse,1,1,1,1,1976,1976,2
54065,John Watson,1,1,1,1,1976,1976,2
54066,Clair Rowe,1,1,1,1,1976,1976,2
54067,Robert Reum,1,1,1,1,1976,1976,2
54068,Sherry Reum,1,1,1,1,1976,1976,2
54069,Louis Barnes,1,1,1,1,1976,1976,2
54070,Simon Herson,1,1,1,1,1976,1976,2
54075,Henry Arthur,1,1,1,1,1976,1976,2
54076,Gail Cramer,1,1,1,1,1976,1976,2
54078,Montague Brown,1,1,1,1,1976,1976,2
54079,Howard Lewis,1,1,1,1,1976,1976,2
54080,Joseph Barr,1,1,1,1,1976,1976,2
54081,Richard Hannan,1,1,1,1,1976,1976,2
54378,Rosalind Barnett,1,1,1,1,1973,1973,2
54379,Renat Tagiuri,1,1,1,1,1973,1973,2
54391,Stephen Barker,1,1,1,1,1973,1973,2
54392,John Trost,1,1,1,1,1973,1973,2
54393,Edward Davis,1,1,1,1,1973,1973,2
54394,Lindsay White,1,1,1,1,1973,1973,2
54395,Milton Rock,1,1,1,1,1973,1973,2
54396,Smith Sym,1,1,1,1,1973,1973,2
54397,Gordon Milliken,1,1,1,1,1973,1973,2
54398,Edward Morrison,1,1,1,1,1973,1973,2
54406,David Sirota,1,1,1,1,1973,1973,2
54407,Alan Wolfson,1,1,1,1,1973,1973,2
54437,Marion Sadler,1,1,1,1,1972,1972,2
54438,James Hurst,1,1,1,1,1972,1972,2
54446,John Bennett,1,1,1,1,1972,1972,2
54447,Ronald Weiher,1,1,1,1,1972,1972,2
54456,Carl Platou,1,1,1,1,1972,1972,2
54457,James Rice,1,1,1,1,1972,1972,2
54467,Leonard Harlan,1,1,1,1,1972,1972,2
54468,Walter Frese,1,1,1,1,1972,1972,2
54469,Robert Mautz,1,1,1,1,1972,1972,2
54491,Kenneth Shostack,1,1,1,1,1971,1971,2
54492,Charles Eddy,1,1,1,1,1971,1971,2
54506,Robert Vandell,1,1,1,1,1971,1971,2
54507,Robert Pennell,1,1,1,1,1971,1971,2
54559,Frenkel Stephen,1,1,1,1,1974,1974,2
54586,Simcha Sadan,1,1,1,1,1974,1974,2
54587,Michael Schiff,1,1,1,1,1951,1951,2
54669,Hans Isakson,1,1,1,1,1973,1973,2
54736,Gunter Dufey,1,1,1,1,1975,1975,2
54737,Ian Giddy,1,1,1,1,1975,1975,2
54772,Elmer Burack,1,1,1,1,1976,1976,2
54945,Maso Haire,1,1,1,1,1975,1975,2
54965,Wendell French,1,1,1,1,1975,1975,2
54966,James Staszak,1,1,1,1,1975,1975,2
54967,Nicholas Methys,1,1,1,1,1975,1975,2
54968,Bill Mckelvey,1,1,1,1,1975,1975,2
54982,James Boulden,1,1,1,1,1974,1974,2
54983,Gregory Morton,1,1,1,1,1974,1974,2
54984,Leslie Rue,1,1,1,1,1974,1974,2
54986,Konrad Schultz,1,1,1,1,1974,1974,2
54988,Len Auerbach,1,1,1,1,1974,1974,2
54900,Edwin Miller,1,1,1,1,1976,1976,2
54203,J Speno,1,1,1,1,1975,1975,2
54204,C Brenner,1,1,1,1,1975,1975,2
54207,R Murthy,1,1,1,1,1975,1975,2
54036,William Davidson,1,1,1,1,1976,1976,2
54037,Albert Bates,1,1,1,1,1976,1976,2
54040,Bryan Atkin,1,1,1,1,1976,1976,2
51982,Glenwood Rowse,1,1,1,1,1974,1974,2
51983,David Gustafson,1,1,1,1,1974,1974,2
51984,Sidney Rosen,1,1,1,1,1974,1974,2
51985,Richard Grandison,1,1,1,1,1974,1974,2
51999,James Ulrich,1,1,1,1,1974,1974,2
52000,John Painter,1,1,1,1,1974,1974,2
52001,Joan Peters,1,1,1,1,1974,1974,2
52002,Kenneth Hammond,1,1,1,1,1974,1974,2
52029,David Devries,1,1,1,1,1974,1974,2
52030,John Snyder,1,1,1,1,1974,1974,2
52041,Michael Gordon,1,1,1,1,1974,1974,2
52042,Norman Pryor,1,1,1,1,1974,1974,2
51923,Bernard Hinton,1,1,1,1,1975,1975,2
51924,Jeffrey Barrow,1,1,1,1,1975,1975,2
51936,Edward Baker,1,1,1,1,1975,1975,2
51937,John Schuck,1,1,1,1,1975,1975,2
51941,John Mickelson,1,1,1,1,1975,1975,2
51942,James Campbell,1,1,1,1,1975,1975,2
51944,Jeanne Herman,1,1,1,1,1975,1975,2
51945,Royce Watts,1,1,1,1,1975,1975,2
51946,Martin Greller,1,1,1,1,1975,1975,2
51947,David Herold,1,1,1,1,1975,1975,2
51959,L Cook,1,1,1,1,1975,1975,2
51895,Charme Du,1,1,1,1,1975,1975,2
51876,Karl Weick,1,1,1,1,1976,1976,2
51877,M Bougon,1,1,1,1,1976,1976,2
51872,Scott Geller,1,1,1,1,1976,1976,2
51873,David Williams,1,1,1,1,1976,1976,2
51855,Barbara Karmel,1,1,1,1,1976,1976,2
51856,Douglas Egan,1,1,1,1,1976,1976,2
51857,Lawrence Bridwell,1,1,1,1,1976,1976,2
51592,Chester Schriesheim,1,1,1,1,1974,1974,2
51606,Steven Kerr,1,1,1,1,1974,1974,2
51628,Carl Castore,1,1,1,1,1972,1972,2
51370,Raymond Lee,1,1,1,1,1973,1973,2
51417,Gordon Pitz,1,1,1,1,1976,1976,2
51424,Thomas Stewart,1,1,1,1,1975,1975,2
51467,Lawrence James,1,1,1,1,1976,1976,2
51471,Ditsa Kafry,1,1,1,1,1976,1976,2
51771,Sheldon Zedeck,1,1,1,1,1976,1976,2
51774,Bryan Coyle,1,1,1,1,1976,1976,2
51802,Gary Yunker,1,1,1,1,1976,1976,2
51804,G Qvarnstrom,1,1,1,1,1976,1976,2
51806,Lock Leung,1,1,1,1,1976,1976,2
51823,William Carter,1,1,1,1,1976,1976,2
51824,Vance Mitchell,1,1,1,1,1976,1976,2
51825,Pravin Moudgill,1,1,1,1,1976,1976,2
51836,James Sullivan,1,1,1,1,1975,1975,2
51839,Allen Jones,1,1,1,1,1976,1976,2
51840,L Payne,1,1,1,1,1976,1976,2
51841,S Fineman,1,1,1,1,1976,1976,2
51842,Dean Vickery,1,1,1,1,1976,1976,2
51843,Kenneth Thomas,1,1,1,1,1976,1976,2
53089,James Mckenney,1,1,1,1,1974,1974,2
53114,Earl Sasser,1,1,1,1,1974,1974,2
53156,Malcolm Salter,1,1,1,1,1975,1975,2
51846,Lars Lindberg,1,1,1,1,1976,1976,2
51847,Bernd Brehmer,1,1,1,1,1976,1976,2
52111,Constance Nathanson,1,1,1,1,1973,1973,2
52112,Marshall Becker,1,1,1,1,1973,1973,2
52123,George England,1,1,1,1,1973,1973,2
52159,G Branch,1,1,1,1,1972,1972,2
53673,Ulrich Wiechmann,1,1,1,1,1975,1975,2
53790,Martin Feldstein,1,1,1,1,1973,1973,2
53891,Oncken William,1,1,1,1,1974,1974,2
53892,Wass Donald,1,1,1,1,1974,1974,2
53548,Aubrey Wilson,1,1,1,1,1976,1976,2
53559,John Meyer,1,1,1,1,1974,1974,2
53298,Mcclelland David,1,1,1,1,1976,1976,2
53299,Burnham David,1,1,1,1,1976,1976,2
53349,Samuel Hayes,1,1,1,1,1972,1972,2
52244,Edward Bowman,1,1,1,1,1975,1975,2
52571,David Kolb,1,1,1,1,1970,1970,2
52591,Preston Lee,1,1,1,1,1966,1966,2
52794,Hunt James,1,1,1,1,1976,1976,2
52841,William Ouchi,1,1,1,1,1974,1974,2
52875,Donald Bowen,1,1,1,1,1975,1975,2
52876,Raghu Nath,1,1,1,1,1975,1975,2
52885,Stephen Carroll,1,1,1,1,1973,1973,2
52892,Robert Hollmann,1,1,1,1,1975,1975,2
52894,Thomas Ference,1,1,1,1,1975,1975,2
52908,Don Lebell,1,1,1,1,1974,1974,2
53041,Paul Hertz,1,1,1,1,1976,1976,2
52063,Clinton Kelly,1,1,1,1,1973,1973,2
52064,Scott Barclay,1,1,1,1,1973,1973,2
52065,Zakhour Youssef,1,1,1,1,1973,1973,2
52066,Cameron Peterson,1,1,1,1,1973,1973,2
52067,Charles Michel,1,1,1,1,1973,1973,2
52107,Hames Wise,1,1,1,1,1973,1973,2
52108,William Mackovak,1,1,1,1,1973,1973,2
55898,F Otteson,1,1,1,1,1967,1967,2
55900,Karl Stein,1,1,1,1,1967,1967,2
55901,Gunter Freiwald,1,1,1,1,1967,1967,2
55907,Mont Du,1,1,1,1,1945,1945,2
55908,B Allen,1,1,1,1,1945,1945,2
55909,G Mcgovern,1,1,1,1,1965,1965,2
55910,J Mccarthy,1,1,1,1,1965,1965,2
55911,E Black,1,1,1,1,1965,1965,2
55912,W Williams,1,1,1,1,1965,1965,2
55913,Lavidge Robert,1,1,1,1,1967,1967,2
55953,Watson Dunn,1,1,1,1,1960,1960,2
55954,Payne Stanley,1,1,1,1,1960,1960,2
55955,H Stevens,1,1,1,1,1939,1939,2
55956,Arthur Burns,1,1,1,1,1939,1939,2
55957,Corwin Edwards,1,1,1,1,1939,1939,2
55958,Edwin Nourse,1,1,1,1,1939,1939,2
55959,S Tucker,1,1,1,1,1939,1939,2
55960,Walton Hamilton,1,1,1,1,1939,1939,2
55961,William Brown,1,1,1,1,1958,1958,2
55962,Kenneth Curran,1,1,1,1,1958,1958,2
55963,Jr Armknecht,1,1,1,1,1958,1958,2
55964,F Richard,1,1,1,1,1958,1958,2
55965,Truman Graf,1,1,1,1,1955,1955,2
55966,James Shaffer,1,1,1,1,1955,1955,2
55971,Jr Bacon,1,1,1,1,1972,1972,2
55972,R Frank,1,1,1,1,1972,1972,2
55973,George Riddle,1,1,1,1,1953,1953,2
55974,W Mason,1,1,1,1,1953,1953,2
55975,Jr Brown,1,1,1,1,1951,1951,2
55976,B Horace,1,1,1,1,1951,1951,2
55977,Albrecht Arthur,1,1,1,1,1951,1951,2
55978,J Mutti,1,1,1,1,1951,1951,2
55979,Robert Watson,1,1,1,1,1951,1951,2
55983,Jr Chandless,1,1,1,1,1951,1951,2
55927,Jr Boas,1,1,1,1,1963,1963,2
55928,A Herbert,1,1,1,1,1963,1963,2
55929,Roy Grundy,1,1,1,1,1976,1976,2
55930,R Wayne,1,1,1,1,1976,1976,2
55933,C Boddewyn,1,1,1,1,1962,1962,2
55934,C Berschinski,1,1,1,1,1962,1962,2
55942,Russell Davenport,1,1,1,1,1940,1940,2
55943,Howard Coonley,1,1,1,1,1940,1940,2
55884,Shaulis Lloyd,1,1,1,1,1948,1948,2
55885,Ethe Solomon,1,1,1,1,1948,1948,2
55886,Hutchinson Kenneth,1,1,1,1,1948,1948,2
55887,Gormbley William,1,1,1,1,1948,1948,2
55745,A Mccourbrey,1,1,1,1,1976,1976,2
55769,Kenneth Barket,1,1,1,1,1974,1974,2
55770,Patrick Coggins,1,1,1,1,1974,1974,2
55735,C Hax,1,1,1,1,1976,1976,2
55737,Stan Silverzweig,1,1,1,1,1976,1976,2
55738,Robert Allen,1,1,1,1,1976,1976,2
54103,Ralph Sorenson,1,1,1,1,1975,1975,2
55433,John Magee,1,1,1,1,1954,1954,2
55058,K Shetty,1,1,1,1,1972,1972,2
55059,Howard Carlisle,1,1,1,1,1972,1972,2
54935,J Hodge,1,1,1,1,1975,1975,2
54936,Richard Tellier,1,1,1,1,1975,1975,2
55071,John Paisios,1,1,1,1,1972,1972,2
55072,Miria Ringo,1,1,1,1,1972,1972,2
55074,Paul Cone,1,1,1,1,1972,1972,2
55075,Richard Mckinney,1,1,1,1,1972,1972,2
55076,Frank Harrison,1,1,1,1,1972,1972,2
55077,James Rosenzweig,1,1,1,1,1972,1972,2
55085,David Nadler,1,1,1,1,1976,1976,2
55824,E Philips,1,1,1,1,1976,1976,2
55825,Gumz Jolande,1,1,1,1,1976,1976,2
55791,Jeff Montgomery,1,1,1,1,1973,1973,2
55793,Charles Craig,1,1,1,1,1973,1973,2
55794,Clark Harris,1,1,1,1,1973,1973,2
55796,Henry Reuss,1,1,1,1,1972,1972,2
55797,John Karlik,1,1,1,1,1972,1972,2
55856,N Peterman,1,1,1,1,1974,1974,2
55857,Sandage Charles,1,1,1,1,1974,1974,2
55859,Stephens Edward,1,1,1,1,1974,1974,2
55860,Burke Thomas,1,1,1,1,1974,1974,2
55863,Nagata Klyoshi,1,1,1,1,1974,1974,2
55865,Yoell William,1,1,1,1,1974,1974,2
55866,Largen Robert,1,1,1,1,1974,1974,2
55870,Winter Edward,1,1,1,1,1973,1973,2
55871,Russell John,1,1,1,1,1973,1973,2
56039,Lingoes James,1,1,1,1,1976,1976,2
56040,Borg Ingwer,1,1,1,1,1976,1976,2
56042,H Algner,1,1,1,1,1976,1976,2
55999,Echelberger Herbert,1,1,1,1,1970,1970,2
56000,Shafer Elwood,1,1,1,1,1970,1970,2
56002,Robert Andrews,1,1,1,1,1970,1970,2
56003,Valenzi Enzo,1,1,1,1,1970,1970,2
55892,Jr Webster,1,1,1,1,1968,1968,2
56020,Oshikawa Sadaomi,1,1,1,1,1970,1970,2
56018,Floyd Thomas,1,1,1,1,1970,1970,2
56053,Gupta Shiv,1,1,1,1,1969,1969,2
56054,Maier Christoph,1,1,1,1,1969,1969,2
56061,P Hyett,1,1,1,1,1976,1976,2
56062,R Mckenzie,1,1,1,1,1976,1976,2
56065,Allen Irving,1,1,1,1,1968,1968,2
56066,David Colfax,1,1,1,1,1968,1968,2
56070,M Brown,1,1,1,1,1975,1975,2
56071,W Hammood,1,1,1,1,1975,1975,2
56074,H Parfitt,1,1,1,1,1968,1968,2
56075,J K,1,1,1,1,1968,1968,2
56094,Dommermuth William,1,1,1,1,1967,1967,2
56095,Millard William,1,1,1,1,1967,1967,2
56088,Laurent Charles,1,1,1,1,1968,1968,2
56089,Parra Aquileo,1,1,1,1,1968,1968,2
56083,Brody Robert,1,1,1,1,1968,1968,2
56084,Cunningham Scott,1,1,1,1,1968,1968,2
56192,Brown Douglas,1,1,1,1,1965,1965,2
56193,Warshaw Martin,1,1,1,1,1965,1965,2
56201,Bengston Roger,1,1,1,1,1964,1964,2
56202,Brenner Henry,1,1,1,1,1964,1964,2
56203,Bradburn Norman,1,1,1,1,1964,1964,2
56204,Mason William,1,1,1,1,1964,1964,2
56181,Plummer Joseph,1,1,1,1,1972,1972,2
56151,Greeno Daniel,1,1,1,1,1973,1973,2
56152,Sommers Montrose,1,1,1,1,1973,1973,2
56155,Stokes Charles,1,1,1,1,1965,1965,2
56156,Mintz Philip,1,1,1,1,1965,1965,2
56160,John Bruce,1,1,1,1,1972,1972,2
56161,Dainoff Marvin,1,1,1,1,1972,1972,2
56177,Resek Robert,1,1,1,1,1972,1972,2
56114,Young Forrest,1,1,1,1,1974,1974,2
56115,Levinsohn Jay,1,1,1,1,1974,1974,2
56116,Haberman Paul,1,1,1,1,1967,1967,2
56117,Elinson Jack,1,1,1,1,1967,1967,2
56118,Richartz Leon,1,1,1,1,1967,1967,2
56122,W Bo,1,1,1,1,1967,1967,2
56123,Schyberger Son,1,1,1,1,1967,1967,2
56125,Kelly Mary,1,1,1,1,1967,1967,2
56126,Robert Gunnigle,1,1,1,1,1967,1967,2
56127,Thompson William,1,1,1,1,1967,1967,2
56134,Gruber Alin,1,1,1,1,1966,1966,2
56135,Lindberg Barbara,1,1,1,1,1966,1966,2
56136,Maurizi Alex,1,1,1,1,1973,1973,2
56137,Hinkle Charles,1,1,1,1,1966,1966,2
56138,Wolf Jack,1,1,1,1,1966,1966,2
56140,Collins Norman,1,1,1,1,1966,1966,2
56141,Wagner Louis,1,1,1,1,1973,1973,2
56142,Banos Janis,1,1,1,1,1973,1973,2
56105,Mercurio Joseph,1,1,1,1,1974,1974,2
56107,Belkin Marvin,1,1,1,1,1967,1967,2
56108,Lieberman Seymour,1,1,1,1,1967,1967,2
50214,Norman Johnson,1,1,1,1,1972,1972,2
50215,Edward Ward,1,1,1,1,1972,1972,2
50219,Judith Lave,1,1,1,1,1972,1972,2
50220,Samuel Leinhardt,1,1,1,1,1972,1972,2
50233,Joel Wiesman,1,1,1,1,1972,1972,2
50234,G Holzman,1,1,1,1,1972,1972,2
50253,Richard Schramm,1,1,1,1,1972,1972,2
50255,Irwin Bernhardt,1,1,1,1,1972,1972,2
50309,Peter Holmblad,1,1,1,1,1972,1972,2
50310,Frank Tillman,1,1,1,1,1972,1972,2
50311,Thomas Cain,1,1,1,1,1972,1972,2
50312,Chris Roach,1,1,1,1,1972,1972,2
50313,S Arisawa,1,1,1,1,1972,1972,2
50335,Alan Merten,1,1,1,1,1972,1972,2
50336,Mervin Muller,1,1,1,1,1972,1972,2
50354,Donald Inglehart,1,1,1,1,1972,1972,2
50355,D Devine,1,1,1,1,1972,1972,2
50356,G Lesso,1,1,1,1,1972,1972,2
50389,Martin Childs,1,1,1,1,1972,1972,2
50390,Harvey Wolff,1,1,1,1,1972,1972,2
50435,Thomas Mason,1,1,1,1,1971,1971,2
50436,Colin Moodie,1,1,1,1,1971,1971,2
50437,David Lutenberg,1,1,1,1,1971,1971,2
50438,Walter Hobbs,1,1,1,1,1971,1971,2
50439,Lester Anderson,1,1,1,1,1971,1971,2
50671,Frank Yates,1,1,1,1,1975,1975,2
49537,Michael Scriabin,1,1,1,1,1975,1975,2
49553,I Fox,1,1,1,1,1975,1975,2
49976,H Noe,1,1,1,1,1973,1973,2
49977,S Ehrenfeld,1,1,1,1,1973,1973,2
49978,Luigi Mariani,1,1,1,1,1973,1973,2
49979,Bernad Nicoletti,1,1,1,1,1973,1973,2
50191,M Warner,1,1,1,1,1972,1972,2
50192,J Prawda,1,1,1,1,1972,1972,2
50924,Michael Donnell,1,1,1,1,1975,1975,2
49746,Gordon Pye,1,1,1,1,1974,1974,2
49747,Ahmet Tezel,1,1,1,1,1974,1974,2
50776,Dennis Middlemist,1,1,1,1,1976,1976,2
50845,Patrick Laughlin,1,1,1,1,1972,1972,2
50854,Charles Gettys,1,1,1,1,1973,1973,2
51314,Richard Peterson,1,1,1,1,1976,1976,2
50974,Lee Beach,1,1,1,1,1976,1976,2
51017,Donald Parker,1,1,1,1,1976,1976,2
51061,Neal Schmitt,1,1,1,1,1976,1976,2
51093,Berndt Brehmer,1,1,1,1,1976,1976,2
49996,Seymour Barcun,1,1,1,1,1973,1973,2
49997,Peter Jeming,1,1,1,1,1973,1973,2
50014,Harold Luft,1,1,1,1,1973,1973,2
50048,Amrit Goel,1,1,1,1,1973,1973,2
50085,E Jacobsen,1,1,1,1,1973,1973,2
50086,S Arunkumar,1,1,1,1,1973,1973,2
50109,L Heroux,1,1,1,1,1973,1973,2
50114,E Gear,1,1,1,1,1973,1973,2
50127,E Huckfeldt,1,1,1,1,1973,1973,2
50139,Yutaka Sayeki,1,1,1,1,1973,1973,2
50140,Karl Vesper,1,1,1,1,1973,1973,2
49895,Raphael Trifon,1,1,1,1,1974,1974,2
49896,Mosh Landau,1,1,1,1,1974,1974,2
49920,Rimas Kalvaitis,1,1,1,1,1974,1974,2
49921,Anthony Posgay,1,1,1,1,1974,1974,2
49925,J Forrest,1,1,1,1,1974,1974,2
49926,P Hirst,1,1,1,1,1974,1974,2
49927,Samuel Oren,1,1,1,1,1974,1974,2
49928,David Luenberger,1,1,1,1,1974,1974,2
49939,Charles Lawrence,1,1,1,1,1973,1973,2
49940,Axel Mundigo,1,1,1,1,1973,1973,2
49941,Charles Gearing,1,1,1,1,1973,1973,2
49942,William Swart,1,1,1,1,1973,1973,2
49943,Charles Haley,1,1,1,1,1973,1973,2
49960,Ronald Seaberg,1,1,1,1,1973,1973,2
49961,Charlotte Seaberg,1,1,1,1,1973,1973,2
49635,Dean Jamison,1,1,1,1,1975,1975,2
49636,Keith Lumsden,1,1,1,1,1975,1975,2
49637,William Gruber,1,1,1,1,1975,1975,2
49638,John Niles,1,1,1,1,1975,1975,2
49639,Warren Housman,1,1,1,1,1975,1975,2
49640,Bell Sanchez,1,1,1,1,1975,1975,2
49656,Bruce Berra,1,1,1,1,1975,1975,2
49665,Curtis Mclaughlin,1,1,1,1,1974,1974,2
49670,Thomas Sicilia,1,1,1,1,1975,1975,2
49695,Robert Glassey,1,1,1,1,1974,1974,2
49696,Virenda Gupta,1,1,1,1,1974,1974,2
49697,Alan Cohen,1,1,1,1,1974,1974,2
49742,William Hamilton,1,1,1,1,1974,1974,2
49743,Michael Moses,1,1,1,1,1974,1974,2
49788,Wade Christoffel,1,1,1,1,1974,1974,2
49801,Arie Hordijk,1,1,1,1,1974,1974,2
49802,M Tijms,1,1,1,1,1974,1974,2
49818,Leon Lasdon,1,1,1,1,1975,1975,2
49837,Willy Gochet,1,1,1,1,1974,1974,2
49848,Harold Krisbergh,1,1,1,1,1974,1974,2
49849,J Hartfiel,1,1,1,1,1974,1974,2
49851,S Subratta,1,1,1,1,1974,1974,2
49852,Richard Grinold,1,1,1,1,1974,1974,2
49872,Sedat Ercan,1,1,1,1,1974,1974,2
49873,Zia Hassan,1,1,1,1,1974,1974,2
49396,Michael Resh,1,1,1,1,1976,1976,2
49397,Mosha Friedman,1,1,1,1,1976,1976,2
49428,A Walters,1,1,1,1,1976,1976,2
49429,J Mangold,1,1,1,1,1976,1976,2
49430,David Goodman,1,1,1,1,1976,1976,2
49431,H Baurmeister,1,1,1,1,1976,1976,2
49432,Albert Chan,1,1,1,1,1976,1976,2
49433,Richard Francis,1,1,1,1,1976,1976,2
47415,Magnanti Thomas,1,1,1,1,1976,1976,2
47488,Kenneth Mackenzie,1,1,1,1,1972,1972,2
47518,John Mulvey,1,1,1,1,1976,1976,2
47528,Edwin Mansfield,1,1,1,1,1975,1975,2
47568,Donald Ratliff,1,1,1,1,1975,1975,2
48181,Thomas Morin,1,1,1,1,1976,1976,2
48182,Jean Blin,1,1,1,1,1975,1975,2
48196,Miller David,1,1,1,1,1976,1976,2
48211,Eric Brodheim,1,1,1,1,1975,1975,2
48213,Manfred Padberg,1,1,1,1,1974,1974,2
48268,Charles Kriebel,1,1,1,1,1975,1975,2
47584,Salah Elmaghraby,1,1,1,1,1972,1972,2
47600,William Ziemba,1,1,1,1,1974,1974,2
47680,Jeremy Shapiro,1,1,1,1,1976,1976,2
47682,Steven Maier,1,1,1,1,1976,1976,2
47683,Weide Vander,1,1,1,1,1976,1976,2
47722,Rothkopf Michael,1,1,1,1,1971,1971,2
48429,Hurter Arthur,1,1,1,1,1974,1974,2
48383,Joseph Svestka,1,1,1,1,1973,1973,2
47869,Arthur Geoffrion,1,1,1,1,1974,1974,2
47872,Gerwin Donald,1,1,1,1,1974,1974,2
47939,Glenn Graves,1,1,1,1,1974,1974,2
47999,Michael Best,1,1,1,1,1975,1975,2
48004,Roy Marsten,1,1,1,1,1976,1976,2
48661,Thomas Ruble,1,1,1,1,1976,1976,2
48688,William Pierskalla,1,1,1,1,1972,1972,2
48710,Richard Larson,1,1,1,1,1972,1972,2
48717,Cyrus Derman,1,1,1,1,1975,1975,2
48727,Jan Chaiken,1,1,1,1,1972,1972,2
48758,Howard Tuckman,1,1,1,1,1972,1972,2
49233,Saul Blumenthal,1,1,1,1,1976,1976,2
49234,A Greenwood,1,1,1,1,1976,1976,2
49235,C Huang,1,1,1,1,1976,1976,2
49237,Alain Alcouffe,1,1,1,1,1976,1976,2
49238,G Muratet,1,1,1,1,1976,1976,2
49239,L Jaquette,1,1,1,1,1976,1976,2
49241,Bradley Alprin,1,1,1,1,1976,1976,2
49242,Michael Folie,1,1,1,1,1976,1976,2
49243,John Tiffin,1,1,1,1,1976,1976,2
49277,Joseph Pliskin,1,1,1,1,1976,1976,2
49289,Richard O'neill,1,1,1,1,1976,1976,2
49290,G Ecker,1,1,1,1,1976,1976,2
49291,J Zoracki,1,1,1,1,1976,1976,2
49292,I Coverdale,1,1,1,1,1976,1976,2
49293,F Wharton,1,1,1,1,1976,1976,2
49568,William Fairley,1,1,1,1,1975,1975,2
49569,Henry Jacoby,1,1,1,1,1975,1975,2
49570,John Rapoport,1,1,1,1,1975,1975,2
49583,John Yuan,1,1,1,1,1975,1975,2
49584,Jeffrey Horen,1,1,1,1,1975,1975,2
49591,Helmy Baligh,1,1,1,1,1967,1967,2
49600,Bruce Robinson,1,1,1,1,1975,1975,2
49601,C Lakhani,1,1,1,1,1975,1975,2
49602,David Stimson,1,1,1,1,1975,1975,2
49603,Ronald Thompson,1,1,1,1,1975,1975,2
49615,Fred Andres,1,1,1,1,1975,1975,2
49617,Avraham Beja,1,1,1,1,1975,1975,2
49618,Ariel Teller,1,1,1,1,1975,1975,2
49436,Christopher Piper,1,1,1,1,1976,1976,2
49437,James Bonnardeaux,1,1,1,1,1976,1976,2
49438,Jean Dolait,1,1,1,1,1976,1976,2
49454,T Kawaguchi,1,1,1,1,1976,1976,2
49455,Y Maruyama,1,1,1,1,1976,1976,2
49457,Richard Rippe,1,1,1,1,1976,1976,2
49458,Maurice Wilkinson,1,1,1,1,1976,1976,2
49476,Willis Greer,1,1,1,1,1976,1976,2
49480,Bani Sinha,1,1,1,1,1976,1976,2
49481,William Brownell,1,1,1,1,1976,1976,2
49482,James Lowerre,1,1,1,1,1976,1976,2
49502,Guy Curry,1,1,1,1,1974,1974,2
49507,Nils Hakansson,1,1,1,1,1975,1975,2
49508,I Brosh,1,1,1,1,1975,1975,2
49389,Vandankumar Trivedi,1,1,1,1,1976,1976,2
49390,Michael Warners,1,1,1,1,1976,1976,2
49391,D Cumming,1,1,1,1,1976,1976,2
49393,Clyde Beck,1,1,1,1,1976,1976,2
49096,Jeff Kennington,1,1,1,1,1976,1976,2
49104,Gary Dickson,1,1,1,1,1974,1974,2
49122,John Fryer,1,1,1,1,1976,1976,2
49129,William Widhelm,1,1,1,1,1976,1976,2
49134,Mclean Ephraim,1,1,1,1,1974,1974,2
49042,Paul Kleindorfer,1,1,1,1,1975,1975,2
48873,Mahmoud Wahba,1,1,1,1,1976,1976,2
49301,Emmons Hamilton,1,1,1,1,1975,1975,2
49308,Bruce Miller,1,1,1,1,1975,1975,2
49316,Andres Weintraub,1,1,1,1,1976,1976,2
49317,Daniel Navon,1,1,1,1,1976,1976,2
49318,Peter Henderson,1,1,1,1,1976,1976,2
49319,Kenneth Steiglitz,1,1,1,1,1976,1976,2
49320,David Fyffe,1,1,1,1,1976,1976,2
49336,Gordon Bagby,1,1,1,1,1976,1976,2
49337,A Thesen,1,1,1,1,1976,1976,2
49338,Yvo Dirickx,1,1,1,1,1976,1976,2
49339,E Wakeman,1,1,1,1,1976,1976,2
49352,E Unger,1,1,1,1,1976,1976,2
49355,Mitsuo Suzuki,1,1,1,1,1976,1976,2
49356,Miki Nakayamas,1,1,1,1,1976,1976,2
49357,Timothy Lowe,1,1,1,1,1976,1976,2
49358,Arthur Hurterm,1,1,1,1,1976,1976,2
49359,John Aram,1,1,1,1,1976,1976,2
49360,Cyril Morgan,1,1,1,1,1976,1976,2
44601,Jean Crockett,1,1,1,1,1974,1974,2
44602,Gwen Bymers,1,1,1,1,1974,1974,2
44608,Roger Barker,1,1,1,1,1975,1975,2
44609,Allan Wicker,1,1,1,1,1975,1975,2
44610,Alain Cousineau,1,1,1,1,1975,1975,2
44611,Jospeh Newman,1,1,1,1,1975,1975,2
44612,Bradley Lockman,1,1,1,1,1975,1975,2
44678,Dov Pekelman,1,1,1,1,1974,1974,2
44691,Carol Scott,1,1,1,1,1976,1976,2
44649,Brian Ratchford,1,1,1,1,1976,1976,2
44619,Joseph Guiltinan,1,1,1,1,1975,1975,2
44813,Robert Meyer,1,1,1,1,1971,1971,2
44780,Kristian Palda,1,1,1,1,1970,1970,2
45424,Andris Zoltners,1,1,1,1,1976,1976,2
45221,Saul Sands,1,1,1,1,1976,1976,2
45235,R Dale,1,1,1,1,1973,1973,2
45345,Donald Wehrung,1,1,1,1,1976,1976,2
45348,Gary Eppen,1,1,1,1,1974,1974,2
45375,Stanley Stasch,1,1,1,1,1975,1975,2
45413,Murphy Sewall,1,1,1,1,1976,1976,2
45574,R Berdie,1,1,1,1,1976,1976,2
45575,F Anderson,1,1,1,1,1976,1976,2
45553,Nariman Dhalia,1,1,1,1,1976,1976,2
45554,Winston Mahatoo,1,1,1,1,1976,1976,2
45535,Ronald Carey,1,1,1,1,1976,1976,2
45536,Steven Clicque,1,1,1,1,1976,1976,2
45500,Elizabeth Richards,1,1,1,1,1954,1954,2
45446,Stephen Greyser,1,1,1,1,1974,1974,2
45459,John Czepiel,1,1,1,1,1976,1976,2
45470,Emerson Babb,1,1,1,1,1975,1975,2
45480,Howard Green,1,1,1,1,1974,1974,2
45484,Davis Fogg,1,1,1,1,1973,1973,2
45650,Lynn Loudenback,1,1,1,1,1974,1974,2
45651,John Goebel,1,1,1,1,1974,1974,2
45660,Josef Rokus,1,1,1,1,1973,1973,2
45662,Stanley Shapiro,1,1,1,1,1973,1973,2
45663,Leland Beik,1,1,1,1,1973,1973,2
45664,Stephen Buzby,1,1,1,1,1973,1973,2
45671,Edward Asam,1,1,1,1,1973,1973,2
45591,John Grabner,1,1,1,1,1975,1975,2
45592,Roger Labreque,1,1,1,1,1975,1975,2
45593,Shirley Young,1,1,1,1,1975,1975,2
45594,Barbara Feigin,1,1,1,1,1975,1975,2
45599,Gene Drisser,1,1,1,1,1975,1975,2
45600,Eugene Kelley,1,1,1,1,1975,1975,2
45601,R Scheewe,1,1,1,1,1975,1975,2
45610,Babett Jackson,1,1,1,1,1975,1975,2
45612,Nessim Hanna,1,1,1,1,1975,1975,2
45638,Milton Blum,1,1,1,1,1974,1974,2
45639,John Stewart,1,1,1,1,1974,1974,2
45641,Frank Mossman,1,1,1,1,1974,1974,2
45642,Paul Fisher,1,1,1,1,1974,1974,2
45538,George Dupuy,1,1,1,1,1976,1976,2
45539,William Kehoe,1,1,1,1,1976,1976,2
45773,M Wu,1,1,1,1,1973,1973,2
45951,Jacob Duker,1,1,1,1,1974,1974,2
46067,Richard Westin,1,1,1,1,1975,1975,2
46068,Peter Watson,1,1,1,1,1975,1975,2
46076,Harry Nystrom,1,1,1,1,1975,1975,2
46077,Hans Tamsons,1,1,1,1,1975,1975,2
46681,Howard Thompson,1,1,1,1,1976,1976,2
46682,Jesse Raine,1,1,1,1,1976,1976,2
46684,Nicholas Windeshausen,1,1,1,1,1976,1976,2
46720,Richard Besson,1,1,1,1,1975,1975,2
46725,Michael Granfield,1,1,1,1,1975,1975,2
46726,Alfred Nicols,1,1,1,1,1975,1975,2
46190,Roy Stout,1,1,1,1,1970,1970,2
46195,Paul Kau,1,1,1,1,1972,1972,2
46196,Lowell Hill,1,1,1,1,1972,1972,2
46779,Robert Higgins,1,1,1,1,1973,1973,2
46753,Jacob Siegel,1,1,1,1,1974,1974,2
46754,J Boddewy,1,1,1,1,1974,1974,2
46755,Thomas Wheeler,1,1,1,1,1974,1974,2
46756,Margaret Wheeler,1,1,1,1,1974,1974,2
47284,Frederick May,1,1,1,1,1968,1968,2
47227,Richard Morey,1,1,1,1,1972,1972,2
46782,C Swart,1,1,1,1,1972,1972,2
46783,Robert Carter,1,1,1,1,1972,1972,2
46789,Dale Varble,1,1,1,1,1972,1972,2
46790,E Bergerson,1,1,1,1,1972,1972,2
38770,William Pasmore,1,1,1,1,1976,1976,2
38791,George Brabb,1,1,1,1,1976,1976,2
38792,Jeffrey Livingston,1,1,1,1,1976,1976,2
38793,P Lingaraj,1,1,1,1,1976,1976,2
38794,Harvey Wolfe,1,1,1,1,1976,1976,2
38732,William Damon,1,1,1,1,1972,1972,2
38757,John Rhode,1,1,1,1,1976,1976,2
38758,James Sorensen,1,1,1,1,1976,1976,2
38759,Stewart Brown,1,1,1,1,1976,1976,2
38760,Andre Mccollough,1,1,1,1,1976,1976,2
38762,Greg Williams,1,1,1,1,1976,1976,2
38763,Lawrence Gooch,1,1,1,1,1976,1976,2
38765,Richard Mojena,1,1,1,1,1976,1976,2
38767,Robert Newett,1,1,1,1,1976,1976,2
38768,Ramakrishna Krishnan,1,1,1,1,1976,1976,2
38705,Ramon Aldag,1,1,1,1,1975,1975,2
38629,Francis Connelly,1,1,1,1,1974,1974,2
38807,Kerry Smith,1,1,1,1,1976,1976,2
38808,David Webster,1,1,1,1,1976,1976,2
38809,James Constantin,1,1,1,1,1976,1976,2
38810,Mo Kung,1,1,1,1,1976,1976,2
38832,Robert Gouldemans,1,1,1,1,1976,1976,2
38833,Dennis Miller,1,1,1,1,1976,1976,2
38798,Edward Silver,1,1,1,1,1976,1976,2
38799,John Moore,1,1,1,1,1976,1976,2
38800,William Beranek,1,1,1,1,1976,1976,2
38801,Walton Taylor,1,1,1,1,1976,1976,2
38852,Donald Hempel,1,1,1,1,1975,1975,2
38887,Clark Hawkins,1,1,1,1,1973,1973,2
38888,Robert Halonen,1,1,1,1,1973,1973,2
38889,Claude Mcmillan,1,1,1,1,1973,1973,2
38890,Donald Plane,1,1,1,1,1973,1973,2
38891,Asterios Kefalas,1,1,1,1,1973,1973,2
38892,Peter Schoderbek,1,1,1,1,1973,1973,2
38909,Charles Holloman,1,1,1,1,1972,1972,2
38910,Hal Hendrick,1,1,1,1,1972,1972,2
38835,John Fellingham,1,1,1,1,1976,1976,2
38836,Theodore Mock,1,1,1,1,1976,1976,2
38837,John Percival,1,1,1,1,1976,1976,2
38838,Randolph Westerfield,1,1,1,1,1976,1976,2
37457,Clay Whybark,1,1,1,1,1976,1976,2
37528,Thomas Vollmann,1,1,1,1,1976,1976,2
37525,James Sweigart,1,1,1,1,1976,1976,2
37526,Robert Markland,1,1,1,1,1976,1976,2
37745,Timothy Shaftel,1,1,1,1,1971,1971,2
37653,K Kwak,1,1,1,1,1976,1976,2
37673,Carl Nelson,1,1,1,1,1974,1974,2
37718,Kenneth Kendall,1,1,1,1,1976,1976,2
37976,Robert Carbone,1,1,1,1,1976,1976,2
37771,William Wallace,1,1,1,1,1973,1973,2
37838,William Stevenson,1,1,1,1,1975,1975,2
37875,James Jucker,1,1,1,1,1973,1973,2
37877,Norman Chervany,1,1,1,1,1974,1974,2
37990,Ralph Keeney,1,1,1,1,1975,1975,2
38007,Dyer James,1,1,1,1,1976,1976,2
38109,Roger Schroeder,1,1,1,1,1976,1976,2
38563,Thomas Cook,1,1,1,1,1976,1976,2
38587,George Huber,1,1,1,1,1964,1964,2
38602,Friedhelm Bliemel,1,1,1,1,1976,1976,2
38518,James Weeks,1,1,1,1,1976,1976,2
38544,Alden Bean,1,1,1,1,1976,1976,2
38430,Gerald Hurst,1,1,1,1,1974,1974,2
38331,Richard Clelland,1,1,1,1,1976,1976,2
38343,Andrew Whinston,1,1,1,1,1975,1975,2
38122,Albert Page,1,1,1,1,1971,1971,2
38131,Paul Kuzdrall,1,1,1,1,1976,1976,2
38160,Philippe Cattin,1,1,1,1,1976,1976,2
38170,Thomas Clark,1,1,1,1,1974,1974,2
40790,H Kizilbash,1,1,1,1,1975,1975,2
40794,Luis Dominguez,1,1,1,1,1971,1971,2
40654,Dennis Mcdermott,1,1,1,1,1976,1976,2
40656,K Walter,1,1,1,1,1975,1975,2
40605,Baltas George,1,1,1,1,1951,1951,2
40625,W Lanford,1,1,1,1,1975,1975,2
40720,H Kirpalani,1,1,1,1,1973,1973,2
40986,Klaus Backhaus,1,1,1,1,1976,1976,2
40987,Roger Vergin,1,1,1,1,1975,1975,2
40998,Charles Holland,1,1,1,1,1973,1973,2
40905,Howard Forman,1,1,1,1,1972,1972,2
40918,James Wilcox,1,1,1,1,1974,1974,2
41004,Lee Dyer,1,1,1,1,1976,1976,2
41015,Gary Ford,1,1,1,1,1976,1976,2
41026,William Browne,1,1,1,1,1976,1976,2
41027,Patrick Kemp,1,1,1,1,1976,1976,2
41029,E Bailey,1,1,1,1,1976,1976,2
40961,Augustine San,1,1,1,1,1975,1975,2
41043,Bern Gunter,1,1,1,1,1976,1976,2
41061,Alice Courtney,1,1,1,1,1971,1971,2
41064,Mary Mogee,1,1,1,1,1976,1976,2
41134,John Mckean,1,1,1,1,1975,1975,2
41135,Joseph Monsen,1,1,1,1,1975,1975,2
41138,N Oliver,1,1,1,1,1975,1975,2
41139,H Rothman,1,1,1,1,1975,1975,2
41153,B Ross,1,1,1,1,1975,1975,2
41154,Nimr Eid,1,1,1,1,1975,1975,2
41155,Edward Armaly,1,1,1,1,1975,1975,2
41156,T Fitzroy,1,1,1,1,1975,1975,2
41157,D Mandry,1,1,1,1,1975,1975,2
40121,Ray O'leary,1,1,1,1,1976,1976,2
40122,Ian Iredale,1,1,1,1,1976,1976,2
40133,J Hovell,1,1,1,1,1975,1975,2
40134,H Jones,1,1,1,1,1975,1975,2
40136,J Clarke,1,1,1,1,1975,1975,2
40175,Donald Jackson,1,1,1,1,1975,1975,2
40194,Timothy Wilson,1,1,1,1,1975,1975,2
40042,Edgar Crane,1,1,1,1,1975,1975,2
40114,I Hawkins,1,1,1,1,1976,1976,2
40365,Peter Laplaca,1,1,1,1,1975,1975,2
40283,Robert Hansen,1,1,1,1,1976,1976,2
40287,Leonard Reid,1,1,1,1,1976,1976,2
40524,Dwight Gentry,1,1,1,1,1976,1976,2
38927,J Gupta,1,1,1,1,1972,1972,2
38928,R Wyskida,1,1,1,1,1972,1972,2
38946,Thomas Dyckman,1,1,1,1,1972,1972,2
38967,David Cravens,1,1,1,1,1973,1973,2
39684,Hans Thorelli,1,1,1,1,1973,1973,2
39716,James Mcneal,1,1,1,1,1967,1967,2
39737,Neil Hood,1,1,1,1,1976,1976,2
39878,Malcolm Cunningham,1,1,1,1,1975,1975,2
39771,A Meidan,1,1,1,1,1975,1975,2
39798,Johan Arndt,1,1,1,1,1975,1975,2
42949,Ronald Nelson,1,1,1,1,1976,1976,2
42869,Haley Russell,1,1,1,1,1971,1971,2
42878,Robert Wilkes,1,1,1,1,1974,1974,2
42907,Thomas Russell,1,1,1,1,1976,1976,2
42908,Charles Martin,1,1,1,1,1976,1976,2
43098,Geoffrey Lancaster,1,1,1,1,1976,1976,2
43116,Thomas Stanley,1,1,1,1,1976,1976,2
43191,Milton Pressley,1,1,1,1,1976,1976,2
43183,R Block,1,1,1,1,1976,1976,2
43184,N Goodman,1,1,1,1,1976,1976,2
42730,Sonia Yuspeh,1,1,1,1,1976,1976,2
42630,John Gifford,1,1,1,1,1975,1975,2
42631,John Maggard,1,1,1,1,1975,1975,2
42632,Robert Burnkrant,1,1,1,1,1975,1975,2
42684,Valentine Appel,1,1,1,1,1975,1975,2
42856,John Wheatley,1,1,1,1,1970,1970,2
42124,Mary Schlinger,1,1,1,1,1972,1972,2
42141,Robert Smith,1,1,1,1,1976,1976,2
42210,Richard Lutz,1,1,1,1,1972,1972,2
42269,George Brooker,1,1,1,1,1976,1976,2
42398,Myron Gable,1,1,1,1,1974,1974,2
42482,Ernest Larkin,1,1,1,1,1976,1976,2
42483,Gerald Grotta,1,1,1,1,1976,1976,2
41208,Ove Brandes,1,1,1,1,1972,1972,2
41209,Un Zackrisson,1,1,1,1,1972,1972,2
41180,Charles Oneal,1,1,1,1,1973,1973,2
41218,Benson Shapiro,1,1,1,1,1976,1976,2
41257,Edward Russo,1,1,1,1,1975,1975,2
41313,Louis Bucklin,1,1,1,1,1973,1973,2
42005,Kae Chung,1,1,1,1,1976,1976,2
42018,Wayne Norvell,1,1,1,1,1974,1974,2
41724,James Gentry,1,1,1,1,1975,1975,2
41797,James Goodnow,1,1,1,1,1972,1972,2
43283,Ruth Ziff,1,1,1,1,1974,1974,2
43288,Edward Lee,1,1,1,1,1974,1974,2
43289,Leo Liebman,1,1,1,1,1974,1974,2
43342,Fred Siller,1,1,1,1,1973,1973,2
43343,Bernon Jones,1,1,1,1,1973,1973,2
43313,Shel Feldman,1,1,1,1,1974,1974,2
43314,Abraham Wolf,1,1,1,1,1974,1974,2
43318,Stewart Britt,1,1,1,1,1973,1973,2
43319,John O'leary,1,1,1,1,1973,1973,2
43388,John Pavasars,1,1,1,1,1972,1972,2
43389,E Derr,1,1,1,1,1972,1972,2
43292,Robert March,1,1,1,1,1974,1974,2
43293,Donald Swinbourne,1,1,1,1,1974,1974,2
43294,Donald Sexton,1,1,1,1,1974,1974,2
43295,Phyllis Haberman,1,1,1,1,1974,1974,2
43300,Pravat Choudhury,1,1,1,1,1974,1974,2
43301,Lawrence Schmid,1,1,1,1,1974,1974,2
43243,Irwin Horowitz,1,1,1,1,1975,1975,2
43244,Russell Kaye,1,1,1,1,1975,1975,2
43212,Theodore Dunn,1,1,1,1,1974,1974,2
43214,Robert Lusch,1,1,1,1,1976,1976,2
43224,L Alford,1,1,1,1,1975,1975,2
43225,B Mason,1,1,1,1,1975,1975,2
43234,Langbourne Rust,1,1,1,1,1975,1975,2
43235,Thomas Watkins,1,1,1,1,1975,1975,2
43236,William Foley,1,1,1,1,1975,1975,2
43237,M Vendatesan,1,1,1,1,1975,1975,2
43238,Jean Losco,1,1,1,1,1975,1975,2
44101,Kent Granzin,1,1,1,1,1975,1975,2
44107,John Daniels,1,1,1,1,1975,1975,2
44125,Verbrugge James,1,1,1,1,1975,1975,2
44262,Arthur Eubank,1,1,1,1,1975,1975,2
44286,R Brent,1,1,1,1,1975,1975,2
44373,Stanley Hollander,1,1,1,1,1974,1974,2
43719,Dennis Tootelian,1,1,1,1,1976,1976,2
43927,Gerd Wagner,1,1,1,1,1976,1976,2
43944,Arthur Brief,1,1,1,1,1975,1975,2
44028,Slevin Dennis,1,1,1,1,1974,1974,2
44031,Robert Stanford,1,1,1,1,1974,1974,2
43426,Charles Overholser,1,1,1,1,1971,1971,2
43427,John Kline,1,1,1,1,1971,1971,2
43537,Monroe Kent,1,1,1,1,1975,1975,2
43409,John Fielden,1,1,1,1,1973,1973,2
43412,Robert Taylor,1,1,1,1,1972,1972,2
43413,D Peterson,1,1,1,1,1972,1972,2
43896,Kenneth Hatten,1,1,1,1,1974,1974,2
44551,Dale Max,1,1,1,1,1975,1975,2
44560,E Mccain,1,1,1,1,1975,1975,2
44561,A Millar,1,1,1,1,1975,1975,2
44563,A Shick,1,1,1,1,1975,1975,2
44566,M Grikscheit,1,1,1,1,1975,1975,2
44577,Kent Baker,1,1,1,1,1974,1974,2
44578,John Haslem,1,1,1,1,1974,1974,2
44596,Joan Aldous,1,1,1,1,1974,1974,2
44597,Jack Mcleod,1,1,1,1,1974,1974,2
44590,Gerard Adams,1,1,1,1,1974,1974,2
44591,Thomas Juster,1,1,1,1,1974,1974,2
44171,Robert Soldofsky,1,1,1,1,1975,1975,2
44483,William Trombetta,1,1,1,1,1975,1975,2
44516,George Pinches,1,1,1,1,1975,1975,2
44548,P Bohl,1,1,1,1,1975,1975,2
44511,Barry Keating,1,1,1,1,1975,1975,2
44512,Maryann Keating,1,1,1,1,1975,1975,2
